Y,00:00:00:000,worm,0-0-0,out,worm,0
Y,00:00:00:000,worm,0-0-1,out,worm,0
Y,00:00:00:000,worm,0-0-2,out,worm,0
Y,00:00:00:000,worm,0-1-0,out,worm,0
Y,00:00:00:000,worm,0-1-1,out,worm,0
Y,00:00:00:000,worm,0-1-2,out,worm,0
Y,00:00:00:000,worm,0-2-0,out,worm,0
Y,00:00:00:000,worm,0-2-1,out,worm,600
Y,00:00:00:000,worm,0-2-2,out,worm,0
Y,00:00:00:000,worm,0-3-0,out,worm,0
Y,00:00:00:000,worm,0-3-1,out,worm,0
Y,00:00:00:000,worm,0-3-2,out,worm,0
Y,00:00:00:000,worm,0-4-0,out,worm,0
Y,00:00:00:000,worm,0-4-1,out,worm,600
Y,00:00:00:000,worm,0-4-2,out,worm,0
Y,00:00:00:000,worm,0-5-0,out,worm,0
Y,00:00:00:000,worm,0-5-1,out,worm,600
Y,00:00:00:000,worm,0-5-2,out,worm,0
Y,00:00:00:000,worm,0-6-0,out,worm,0
Y,00:00:00:000,worm,0-6-1,out,worm,0
Y,00:00:00:000,worm,0-6-2,out,worm,0
Y,00:00:00:000,worm,0-7-0,out,worm,0
Y,00:00:00:000,worm,0-7-1,out,worm,0
Y,00:00:00:000,worm,0-7-2,out,worm,0
Y,00:00:00:000,worm,0-8-0,out,worm,0
Y,00:00:00:000,worm,0-8-1,out,worm,0
Y,00:00:00:000,worm,0-8-2,out,worm,0
Y,00:00:00:000,worm,0-9-0,out,worm,0
Y,00:00:00:000,worm,0-9-1,out,worm,600
Y,00:00:00:000,worm,0-9-2,out,worm,0
Y,00:00:00:000,worm,1-0-0,out,worm,0
Y,00:00:00:000,worm,1-0-1,out,worm,0
Y,00:00:00:000,worm,1-0-2,out,worm,0
Y,00:00:00:000,worm,1-1-0,out,worm,0
Y,00:00:00:000,worm,1-1-1,out,worm,0
Y,00:00:00:000,worm,1-1-2,out,worm,0
Y,00:00:00:000,worm,1-2-0,out,worm,0
Y,00:00:00:000,worm,1-2-1,out,worm,0
Y,00:00:00:000,worm,1-2-2,out,worm,0
Y,00:00:00:000,worm,1-3-0,out,worm,0
Y,00:00:00:000,worm,1-3-1,out,worm,0
Y,00:00:00:000,worm,1-3-2,out,worm,0
Y,00:00:00:000,worm,1-4-0,out,worm,0
Y,00:00:00:000,worm,1-4-1,out,worm,0
Y,00:00:00:000,worm,1-4-2,out,worm,0
Y,00:00:00:000,worm,1-5-0,out,worm,0
Y,00:00:00:000,worm,1-5-1,out,worm,0
Y,00:00:00:000,worm,1-5-2,out,worm,0
Y,00:00:00:000,worm,1-6-0,out,worm,0
Y,00:00:00:000,worm,1-6-1,out,worm,0
Y,00:00:00:000,worm,1-6-2,out,worm,0
Y,00:00:00:000,worm,1-7-0,out,worm,0
Y,00:00:00:000,worm,1-7-1,out,worm,0
Y,00:00:00:000,worm,1-7-2,out,worm,0
Y,00:00:00:000,worm,1-8-0,out,worm,0
Y,00:00:00:000,worm,1-8-1,out,worm,0
Y,00:00:00:000,worm,1-8-2,out,worm,0
Y,00:00:00:000,worm,1-9-0,out,worm,0
Y,00:00:00:000,worm,1-9-1,out,worm,0
Y,00:00:00:000,worm,1-9-2,out,worm,0
Y,00:00:00:000,worm,2-0-0,out,worm,0
Y,00:00:00:000,worm,2-0-1,out,worm,0
Y,00:00:00:000,worm,2-0-2,out,worm,0
Y,00:00:00:000,worm,2-1-0,out,worm,0
Y,00:00:00:000,worm,2-1-1,out,worm,600
Y,00:00:00:000,worm,2-1-2,out,worm,0
Y,00:00:00:000,worm,2-2-0,out,worm,0
Y,00:00:00:000,worm,2-2-1,out,worm,0
Y,00:00:00:000,worm,2-2-2,out,worm,0
Y,00:00:00:000,worm,2-3-0,out,worm,0
Y,00:00:00:000,worm,2-3-1,out,worm,0
Y,00:00:00:000,worm,2-3-2,out,worm,0
Y,00:00:00:000,worm,2-4-0,out,worm,0
Y,00:00:00:000,worm,2-4-1,out,worm,0
Y,00:00:00:000,worm,2-4-2,out,worm,0
Y,00:00:00:000,worm,2-5-0,out,worm,0
Y,00:00:00:000,worm,2-5-1,out,worm,0
Y,00:00:00:000,worm,2-5-2,out,worm,0
Y,00:00:00:000,worm,2-6-0,out,worm,0
Y,00:00:00:000,worm,2-6-1,out,worm,0
Y,00:00:00:000,worm,2-6-2,out,worm,0
Y,00:00:00:000,worm,2-7-0,out,worm,0
Y,00:00:00:000,worm,2-7-1,out,worm,0
Y,00:00:00:000,worm,2-7-2,out,worm,0
Y,00:00:00:000,worm,2-8-0,out,worm,0
Y,00:00:00:000,worm,2-8-1,out,worm,0
Y,00:00:00:000,worm,2-8-2,out,worm,0
Y,00:00:00:000,worm,2-9-0,out,worm,0
Y,00:00:00:000,worm,2-9-1,out,worm,0
Y,00:00:00:000,worm,2-9-2,out,worm,0
Y,00:00:00:000,worm,3-0-0,out,worm,0
Y,00:00:00:000,worm,3-0-1,out,worm,0
Y,00:00:00:000,worm,3-0-2,out,worm,0
Y,00:00:00:000,worm,3-1-0,out,worm,0
Y,00:00:00:000,worm,3-1-1,out,worm,0
Y,00:00:00:000,worm,3-1-2,out,worm,0
Y,00:00:00:000,worm,3-2-0,out,worm,0
Y,00:00:00:000,worm,3-2-1,out,worm,0
Y,00:00:00:000,worm,3-2-2,out,worm,0
Y,00:00:00:000,worm,3-3-0,out,worm,0
Y,00:00:00:000,worm,3-3-1,out,worm,0
Y,00:00:00:000,worm,3-3-2,out,worm,0
Y,00:00:00:000,worm,3-4-0,out,worm,0
Y,00:00:00:000,worm,3-4-1,out,worm,600
Y,00:00:00:000,worm,3-4-2,out,worm,0
Y,00:00:00:000,worm,3-5-0,out,worm,1
Y,00:00:00:000,worm,3-5-1,out,worm,0
Y,00:00:00:000,worm,3-5-2,out,worm,504
Y,00:00:00:000,worm,3-6-0,out,worm,0
Y,00:00:00:000,worm,3-6-1,out,worm,0
Y,00:00:00:000,worm,3-6-2,out,worm,0
Y,00:00:00:000,worm,3-7-0,out,worm,0
Y,00:00:00:000,worm,3-7-1,out,worm,600
Y,00:00:00:000,worm,3-7-2,out,worm,0
Y,00:00:00:000,worm,3-8-0,out,worm,0
Y,00:00:00:000,worm,3-8-1,out,worm,0
Y,00:00:00:000,worm,3-8-2,out,worm,0
Y,00:00:00:000,worm,3-9-0,out,worm,0
Y,00:00:00:000,worm,3-9-1,out,worm,600
Y,00:00:00:000,worm,3-9-2,out,worm,0
Y,00:00:00:000,worm,4-0-0,out,worm,0
Y,00:00:00:000,worm,4-0-1,out,worm,0
Y,00:00:00:000,worm,4-0-2,out,worm,0
Y,00:00:00:000,worm,4-1-0,out,worm,0
Y,00:00:00:000,worm,4-1-1,out,worm,0
Y,00:00:00:000,worm,4-1-2,out,worm,0
Y,00:00:00:000,worm,4-2-0,out,worm,0
Y,00:00:00:000,worm,4-2-1,out,worm,0
Y,00:00:00:000,worm,4-2-2,out,worm,0
Y,00:00:00:000,worm,4-3-0,out,worm,0
Y,00:00:00:000,worm,4-3-1,out,worm,0
Y,00:00:00:000,worm,4-3-2,out,worm,0
Y,00:00:00:000,worm,4-4-0,out,worm,0
Y,00:00:00:000,worm,4-4-1,out,worm,0
Y,00:00:00:000,worm,4-4-2,out,worm,0
Y,00:00:00:000,worm,4-5-0,out,worm,0
Y,00:00:00:000,worm,4-5-1,out,worm,600
Y,00:00:00:000,worm,4-5-2,out,worm,0
Y,00:00:00:000,worm,4-6-0,out,worm,0
Y,00:00:00:000,worm,4-6-1,out,worm,0
Y,00:00:00:000,worm,4-6-2,out,worm,0
Y,00:00:00:000,worm,4-7-0,out,worm,0
Y,00:00:00:000,worm,4-7-1,out,worm,0
Y,00:00:00:000,worm,4-7-2,out,worm,0
Y,00:00:00:000,worm,4-8-0,out,worm,0
Y,00:00:00:000,worm,4-8-1,out,worm,0
Y,00:00:00:000,worm,4-8-2,out,worm,0
Y,00:00:00:000,worm,4-9-0,out,worm,0
Y,00:00:00:000,worm,4-9-1,out,worm,0
Y,00:00:00:000,worm,4-9-2,out,worm,0
Y,00:00:00:000,worm,5-0-0,out,worm,0
Y,00:00:00:000,worm,5-0-1,out,worm,0
Y,00:00:00:000,worm,5-0-2,out,worm,0
Y,00:00:00:000,worm,5-1-0,out,worm,0
Y,00:00:00:000,worm,5-1-1,out,worm,600
Y,00:00:00:000,worm,5-1-2,out,worm,0
Y,00:00:00:000,worm,5-2-0,out,worm,0
Y,00:00:00:000,worm,5-2-1,out,worm,0
Y,00:00:00:000,worm,5-2-2,out,worm,0
Y,00:00:00:000,worm,5-3-0,out,worm,0
Y,00:00:00:000,worm,5-3-1,out,worm,0
Y,00:00:00:000,worm,5-3-2,out,worm,0
Y,00:00:00:000,worm,5-4-0,out,worm,0
Y,00:00:00:000,worm,5-4-1,out,worm,0
Y,00:00:00:000,worm,5-4-2,out,worm,0
Y,00:00:00:000,worm,5-5-0,out,worm,0
Y,00:00:00:000,worm,5-5-1,out,worm,600
Y,00:00:00:000,worm,5-5-2,out,worm,0
Y,00:00:00:000,worm,5-6-0,out,worm,0
Y,00:00:00:000,worm,5-6-1,out,worm,0
Y,00:00:00:000,worm,5-6-2,out,worm,0
Y,00:00:00:000,worm,5-7-0,out,worm,0
Y,00:00:00:000,worm,5-7-1,out,worm,0
Y,00:00:00:000,worm,5-7-2,out,worm,0
Y,00:00:00:000,worm,5-8-0,out,worm,0
Y,00:00:00:000,worm,5-8-1,out,worm,600
Y,00:00:00:000,worm,5-8-2,out,worm,0
Y,00:00:00:000,worm,5-9-0,out,worm,0
Y,00:00:00:000,worm,5-9-1,out,worm,0
Y,00:00:00:000,worm,5-9-2,out,worm,0
Y,00:00:00:000,worm,6-0-0,out,worm,0
Y,00:00:00:000,worm,6-0-1,out,worm,0
Y,00:00:00:000,worm,6-0-2,out,worm,0
Y,00:00:00:000,worm,6-1-0,out,worm,0
Y,00:00:00:000,worm,6-1-1,out,worm,0
Y,00:00:00:000,worm,6-1-2,out,worm,0
Y,00:00:00:000,worm,6-2-0,out,worm,0
Y,00:00:00:000,worm,6-2-1,out,worm,0
Y,00:00:00:000,worm,6-2-2,out,worm,0
Y,00:00:00:000,worm,6-3-0,out,worm,0
Y,00:00:00:000,worm,6-3-1,out,worm,0
Y,00:00:00:000,worm,6-3-2,out,worm,0
Y,00:00:00:000,worm,6-4-0,out,worm,0
Y,00:00:00:000,worm,6-4-1,out,worm,0
Y,00:00:00:000,worm,6-4-2,out,worm,0
Y,00:00:00:000,worm,6-5-0,out,worm,0
Y,00:00:00:000,worm,6-5-1,out,worm,0
Y,00:00:00:000,worm,6-5-2,out,worm,0
Y,00:00:00:000,worm,6-6-0,out,worm,0
Y,00:00:00:000,worm,6-6-1,out,worm,0
Y,00:00:00:000,worm,6-6-2,out,worm,0
Y,00:00:00:000,worm,6-7-0,out,worm,0
Y,00:00:00:000,worm,6-7-1,out,worm,0
Y,00:00:00:000,worm,6-7-2,out,worm,0
Y,00:00:00:000,worm,6-8-0,out,worm,0
Y,00:00:00:000,worm,6-8-1,out,worm,600
Y,00:00:00:000,worm,6-8-2,out,worm,0
Y,00:00:00:000,worm,6-9-0,out,worm,0
Y,00:00:00:000,worm,6-9-1,out,worm,0
Y,00:00:00:000,worm,6-9-2,out,worm,0
Y,00:00:00:000,worm,7-0-0,out,worm,0
Y,00:00:00:000,worm,7-0-1,out,worm,0
Y,00:00:00:000,worm,7-0-2,out,worm,0
Y,00:00:00:000,worm,7-1-0,out,worm,0
Y,00:00:00:000,worm,7-1-1,out,worm,0
Y,00:00:00:000,worm,7-1-2,out,worm,0
Y,00:00:00:000,worm,7-2-0,out,worm,0
Y,00:00:00:000,worm,7-2-1,out,worm,0
Y,00:00:00:000,worm,7-2-2,out,worm,0
Y,00:00:00:000,worm,7-3-0,out,worm,0
Y,00:00:00:000,worm,7-3-1,out,worm,600
Y,00:00:00:000,worm,7-3-2,out,worm,0
Y,00:00:00:000,worm,7-4-0,out,worm,0
Y,00:00:00:000,worm,7-4-1,out,worm,0
Y,00:00:00:000,worm,7-4-2,out,worm,0
Y,00:00:00:000,worm,7-5-0,out,worm,0
Y,00:00:00:000,worm,7-5-1,out,worm,0
Y,00:00:00:000,worm,7-5-2,out,worm,0
Y,00:00:00:000,worm,7-6-0,out,worm,0
Y,00:00:00:000,worm,7-6-1,out,worm,0
Y,00:00:00:000,worm,7-6-2,out,worm,0
Y,00:00:00:000,worm,7-7-0,out,worm,0
Y,00:00:00:000,worm,7-7-1,out,worm,0
Y,00:00:00:000,worm,7-7-2,out,worm,0
Y,00:00:00:000,worm,7-8-0,out,worm,0
Y,00:00:00:000,worm,7-8-1,out,worm,0
Y,00:00:00:000,worm,7-8-2,out,worm,0
Y,00:00:00:000,worm,7-9-0,out,worm,0
Y,00:00:00:000,worm,7-9-1,out,worm,0
Y,00:00:00:000,worm,7-9-2,out,worm,0
Y,00:00:00:000,worm,8-0-0,out,worm,0
Y,00:00:00:000,worm,8-0-1,out,worm,600
Y,00:00:00:000,worm,8-0-2,out,worm,0
Y,00:00:00:000,worm,8-1-0,out,worm,0
Y,00:00:00:000,worm,8-1-1,out,worm,0
Y,00:00:00:000,worm,8-1-2,out,worm,0
Y,00:00:00:000,worm,8-2-0,out,worm,0
Y,00:00:00:000,worm,8-2-1,out,worm,600
Y,00:00:00:000,worm,8-2-2,out,worm,0
Y,00:00:00:000,worm,8-3-0,out,worm,0
Y,00:00:00:000,worm,8-3-1,out,worm,600
Y,00:00:00:000,worm,8-3-2,out,worm,0
Y,00:00:00:000,worm,8-4-0,out,worm,0
Y,00:00:00:000,worm,8-4-1,out,worm,0
Y,00:00:00:000,worm,8-4-2,out,worm,0
Y,00:00:00:000,worm,8-5-0,out,worm,0
Y,00:00:00:000,worm,8-5-1,out,worm,0
Y,00:00:00:000,worm,8-5-2,out,worm,0
Y,00:00:00:000,worm,8-6-0,out,worm,0
Y,00:00:00:000,worm,8-6-1,out,worm,0
Y,00:00:00:000,worm,8-6-2,out,worm,0
Y,00:00:00:000,worm,8-7-0,out,worm,0
Y,00:00:00:000,worm,8-7-1,out,worm,0
Y,00:00:00:000,worm,8-7-2,out,worm,0
Y,00:00:00:000,worm,8-8-0,out,worm,0
Y,00:00:00:000,worm,8-8-1,out,worm,0
Y,00:00:00:000,worm,8-8-2,out,worm,0
Y,00:00:00:000,worm,8-9-0,out,worm,0
Y,00:00:00:000,worm,8-9-1,out,worm,0
Y,00:00:00:000,worm,8-9-2,out,worm,0
Y,00:00:00:000,worm,9-0-0,out,worm,0
Y,00:00:00:000,worm,9-0-1,out,worm,600
Y,00:00:00:000,worm,9-0-2,out,worm,0
Y,00:00:00:000,worm,9-1-0,out,worm,0
Y,00:00:00:000,worm,9-1-1,out,worm,600
Y,00:00:00:000,worm,9-1-2,out,worm,0
Y,00:00:00:000,worm,9-2-0,out,worm,0
Y,00:00:00:000,worm,9-2-1,out,worm,0
Y,00:00:00:000,worm,9-2-2,out,worm,0
Y,00:00:00:000,worm,9-3-0,out,worm,0
Y,00:00:00:000,worm,9-3-1,out,worm,0
Y,00:00:00:000,worm,9-3-2,out,worm,0
Y,00:00:00:000,worm,9-4-0,out,worm,0
Y,00:00:00:000,worm,9-4-1,out,worm,0
Y,00:00:00:000,worm,9-4-2,out,worm,0
Y,00:00:00:000,worm,9-5-0,out,worm,0
Y,00:00:00:000,worm,9-5-1,out,worm,0
Y,00:00:00:000,worm,9-5-2,out,worm,0
Y,00:00:00:000,worm,9-6-0,out,worm,0
Y,00:00:00:000,worm,9-6-1,out,worm,0
Y,00:00:00:000,worm,9-6-2,out,worm,0
Y,00:00:00:000,worm,9-7-0,out,worm,0
Y,00:00:00:000,worm,9-7-1,out,worm,0
Y,00:00:00:000,worm,9-7-2,out,worm,0
Y,00:00:00:000,worm,9-8-0,out,worm,0
Y,00:00:00:000,worm,9-8-1,out,worm,600
Y,00:00:00:000,worm,9-8-2,out,worm,0
Y,00:00:00:000,worm,9-9-0,out,worm,0
Y,00:00:00:000,worm,9-9-1,out,worm,0
Y,00:00:00:000,worm,9-9-2,out,worm,0
Y,00:00:00:100,worm,3-4-0,out,worm,2
Y,00:00:00:100,worm,3-4-1,out,worm,0
Y,00:00:00:100,worm,3-4-2,out,worm,502
Y,00:00:00:100,worm,3-5-0,out,worm,0
Y,00:00:00:100,worm,3-5-2,out,worm,0
Y,00:00:00:200,worm,3-4-0,out,worm,0
Y,00:00:00:200,worm,3-4-2,out,worm,0
Y,00:00:00:200,worm,4-4-0,out,worm,2
Y,00:00:00:200,worm,4-4-2,out,worm,504
Y,00:00:00:300,worm,4-4-0,out,worm,0
Y,00:00:00:300,worm,4-4-2,out,worm,0
Y,00:00:00:300,worm,4-3-2,out,worm,503
Y,00:00:00:300,worm,4-3-0,out,worm,2
Y,00:00:00:400,worm,4-3-0,out,worm,0
Y,00:00:00:400,worm,4-3-2,out,worm,0
Y,00:00:00:400,worm,4-4-0,out,worm,2
Y,00:00:00:400,worm,4-4-2,out,worm,504
Y,00:00:00:500,worm,4-3-0,out,worm,2
Y,00:00:00:500,worm,4-3-2,out,worm,502
Y,00:00:00:500,worm,4-4-0,out,worm,0
Y,00:00:00:500,worm,4-4-2,out,worm,0
Y,00:00:00:600,worm,4-3-0,out,worm,0
Y,00:00:00:600,worm,4-3-2,out,worm,0
Y,00:00:00:600,worm,5-3-0,out,worm,2
Y,00:00:00:600,worm,5-3-2,out,worm,502
Y,00:00:00:700,worm,5-3-0,out,worm,0
Y,00:00:00:700,worm,5-3-2,out,worm,0
Y,00:00:00:700,worm,6-3-0,out,worm,2
Y,00:00:00:700,worm,6-3-2,out,worm,500
Y,00:00:00:800,worm,6-3-2,out,worm,503
Y,00:00:00:900,worm,6-3-0,out,worm,0
Y,00:00:00:900,worm,6-3-2,out,worm,0
Y,00:00:00:900,worm,6-4-0,out,worm,2
Y,00:00:00:900,worm,6-4-2,out,worm,500
Y,00:00:01:000,worm,6-4-2,out,worm,501
Y,00:00:01:100,worm,5-4-0,out,worm,2
Y,00:00:01:100,worm,5-4-2,out,worm,501
Y,00:00:01:100,worm,6-4-0,out,worm,0
Y,00:00:01:100,worm,6-4-2,out,worm,0
Y,00:00:01:200,worm,4-4-0,out,worm,2
Y,00:00:01:200,worm,4-4-2,out,worm,501
Y,00:00:01:200,worm,5-4-0,out,worm,0
Y,00:00:01:200,worm,5-4-2,out,worm,0
Y,00:00:01:300,worm,3-4-0,out,worm,2
Y,00:00:01:300,worm,3-4-2,out,worm,502
Y,00:00:01:300,worm,4-4-0,out,worm,0
Y,00:00:01:300,worm,4-4-2,out,worm,0
Y,00:00:01:400,worm,3-4-0,out,worm,0
Y,00:00:01:400,worm,3-4-2,out,worm,0
Y,00:00:01:400,worm,4-4-0,out,worm,2
Y,00:00:01:400,worm,4-4-2,out,worm,503
Y,00:00:01:500,worm,4-4-0,out,worm,0
Y,00:00:01:500,worm,4-4-2,out,worm,0
Y,00:00:01:500,worm,4-5-0,out,worm,3
Y,00:00:01:500,worm,4-5-1,out,worm,0
Y,00:00:01:500,worm,4-5-2,out,worm,501
Y,00:00:01:600,worm,4-5-0,out,worm,0
Y,00:00:01:600,worm,4-5-2,out,worm,0
Y,00:00:01:600,worm,3-5-2,out,worm,504
Y,00:00:01:600,worm,3-5-0,out,worm,3
Y,00:00:01:700,worm,3-5-0,out,worm,0
Y,00:00:01:700,worm,3-5-2,out,worm,0
Y,00:00:01:700,worm,3-4-2,out,worm,501
Y,00:00:01:700,worm,3-4-0,out,worm,3
Y,00:00:01:800,worm,3-4-0,out,worm,0
Y,00:00:01:800,worm,3-4-2,out,worm,0
Y,00:00:01:800,worm,2-4-2,out,worm,501
Y,00:00:01:800,worm,2-4-0,out,worm,3
Y,00:00:01:900,worm,2-4-0,out,worm,0
Y,00:00:01:900,worm,2-4-2,out,worm,0
Y,00:00:01:900,worm,1-4-2,out,worm,502
Y,00:00:01:900,worm,1-4-0,out,worm,3
Y,00:00:02:000,worm,1-4-0,out,worm,0
Y,00:00:02:000,worm,1-4-2,out,worm,0
Y,00:00:02:000,worm,2-4-0,out,worm,3
Y,00:00:02:000,worm,2-4-2,out,worm,503
Y,00:00:02:100,worm,2-4-0,out,worm,0
Y,00:00:02:100,worm,2-4-2,out,worm,0
Y,00:00:02:100,worm,2-5-0,out,worm,3
Y,00:00:02:100,worm,2-5-2,out,worm,503
Y,00:00:02:200,worm,2-5-0,out,worm,0
Y,00:00:02:200,worm,2-5-2,out,worm,0
Y,00:00:02:200,worm,2-6-0,out,worm,3
Y,00:00:02:200,worm,2-6-2,out,worm,501
Y,00:00:02:300,worm,2-6-0,out,worm,0
Y,00:00:02:300,worm,2-6-2,out,worm,0
Y,00:00:02:300,worm,1-6-2,out,worm,502
Y,00:00:02:300,worm,1-6-0,out,worm,3
Y,00:00:02:400,worm,1-6-0,out,worm,0
Y,00:00:02:400,worm,1-6-2,out,worm,0
Y,00:00:02:400,worm,2-6-0,out,worm,3
Y,00:00:02:400,worm,2-6-2,out,worm,500
Y,00:00:02:500,worm,2-6-2,out,worm,503
Y,00:00:02:600,worm,2-6-0,out,worm,0
Y,00:00:02:600,worm,2-6-2,out,worm,0
Y,00:00:02:600,worm,2-7-0,out,worm,3
Y,00:00:02:600,worm,2-7-2,out,worm,504
Y,00:00:02:700,worm,2-6-0,out,worm,3
Y,00:00:02:700,worm,2-6-2,out,worm,503
Y,00:00:02:700,worm,2-7-0,out,worm,0
Y,00:00:02:700,worm,2-7-2,out,worm,0
Y,00:00:02:800,worm,2-6-0,out,worm,0
Y,00:00:02:800,worm,2-6-2,out,worm,0
Y,00:00:02:800,worm,2-7-0,out,worm,3
Y,00:00:02:800,worm,2-7-2,out,worm,500
Y,00:00:02:900,worm,2-7-2,out,worm,502
Y,00:00:03:000,worm,2-7-0,out,worm,0
Y,00:00:03:000,worm,2-7-2,out,worm,0
Y,00:00:03:000,worm,3-7-0,out,worm,4
Y,00:00:03:000,worm,3-7-1,out,worm,0
Y,00:00:03:000,worm,3-7-2,out,worm,502
Y,00:00:03:100,worm,3-7-0,out,worm,0
Y,00:00:03:100,worm,3-7-2,out,worm,0
Y,00:00:03:100,worm,4-7-0,out,worm,4
Y,00:00:03:100,worm,4-7-2,out,worm,502
Y,00:00:03:200,worm,4-7-0,out,worm,0
Y,00:00:03:200,worm,4-7-2,out,worm,0
Y,00:00:03:200,worm,5-7-0,out,worm,4
Y,00:00:03:200,worm,5-7-2,out,worm,503
Y,00:00:03:300,worm,5-7-0,out,worm,0
Y,00:00:03:300,worm,5-7-2,out,worm,0
Y,00:00:03:300,worm,5-8-0,out,worm,5
Y,00:00:03:300,worm,5-8-1,out,worm,0
Y,00:00:03:300,worm,5-8-2,out,worm,500
Y,00:00:03:400,worm,5-8-2,out,worm,502
Y,00:00:03:500,worm,5-8-0,out,worm,0
Y,00:00:03:500,worm,5-8-2,out,worm,0
Y,00:00:03:500,worm,6-8-0,out,worm,6
Y,00:00:03:500,worm,6-8-1,out,worm,0
Y,00:00:03:500,worm,6-8-2,out,worm,501
Y,00:00:03:600,worm,5-8-0,out,worm,6
Y,00:00:03:600,worm,5-8-2,out,worm,504
Y,00:00:03:600,worm,6-8-0,out,worm,0
Y,00:00:03:600,worm,6-8-2,out,worm,0
Y,00:00:03:700,worm,5-7-0,out,worm,6
Y,00:00:03:700,worm,5-7-2,out,worm,500
Y,00:00:03:700,worm,5-8-0,out,worm,0
Y,00:00:03:700,worm,5-8-2,out,worm,0
Y,00:00:03:800,worm,5-7-2,out,worm,501
Y,00:00:03:900,worm,4-7-0,out,worm,6
Y,00:00:03:900,worm,4-7-2,out,worm,501
Y,00:00:03:900,worm,5-7-0,out,worm,0
Y,00:00:03:900,worm,5-7-2,out,worm,0
Y,00:00:04:000,worm,3-7-0,out,worm,6
Y,00:00:04:000,worm,3-7-2,out,worm,503
Y,00:00:04:000,worm,4-7-0,out,worm,0
Y,00:00:04:000,worm,4-7-2,out,worm,0
Y,00:00:04:100,worm,3-7-0,out,worm,0
Y,00:00:04:100,worm,3-7-2,out,worm,0
Y,00:00:04:100,worm,3-8-0,out,worm,6
Y,00:00:04:100,worm,3-8-2,out,worm,502
Y,00:00:04:200,worm,3-8-0,out,worm,0
Y,00:00:04:200,worm,3-8-2,out,worm,0
Y,00:00:04:200,worm,4-8-0,out,worm,6
Y,00:00:04:200,worm,4-8-2,out,worm,504
Y,00:00:04:300,worm,4-8-0,out,worm,0
Y,00:00:04:300,worm,4-8-2,out,worm,0
Y,00:00:04:300,worm,4-7-2,out,worm,503
Y,00:00:04:300,worm,4-7-0,out,worm,6
Y,00:00:04:400,worm,4-7-0,out,worm,0
Y,00:00:04:400,worm,4-7-2,out,worm,0
Y,00:00:04:400,worm,4-8-0,out,worm,6
Y,00:00:04:400,worm,4-8-2,out,worm,503
Y,00:00:04:500,worm,4-8-0,out,worm,0
Y,00:00:04:500,worm,4-8-2,out,worm,0
Y,00:00:04:500,worm,4-9-0,out,worm,6
Y,00:00:04:500,worm,4-9-2,out,worm,502
Y,00:00:04:600,worm,4-9-0,out,worm,0
Y,00:00:04:600,worm,4-9-2,out,worm,0
Y,00:00:04:600,worm,5-9-0,out,worm,6
Y,00:00:04:600,worm,5-9-2,out,worm,501
Y,00:00:04:700,worm,4-9-0,out,worm,6
Y,00:00:04:700,worm,4-9-2,out,worm,502
Y,00:00:04:700,worm,5-9-0,out,worm,0
Y,00:00:04:700,worm,5-9-2,out,worm,0
Y,00:00:04:800,worm,4-9-0,out,worm,0
Y,00:00:04:800,worm,4-9-2,out,worm,0
Y,00:00:04:800,worm,5-9-0,out,worm,6
Y,00:00:04:800,worm,5-9-2,out,worm,503
Y,00:00:04:900,worm,5-9-0,out,worm,0
Y,00:00:04:900,worm,5-9-2,out,worm,0
Y,00:00:04:900,worm,5-0-2,out,worm,503
Y,00:00:04:900,worm,5-0-0,out,worm,6
Y,00:00:05:000,worm,5-0-0,out,worm,0
Y,00:00:05:000,worm,5-0-2,out,worm,0
Y,00:00:05:000,worm,5-1-0,out,worm,7
Y,00:00:05:000,worm,5-1-1,out,worm,0
Y,00:00:05:000,worm,5-1-2,out,worm,503
Y,00:00:05:100,worm,5-1-0,out,worm,0
Y,00:00:05:100,worm,5-1-2,out,worm,0
Y,00:00:05:100,worm,5-2-0,out,worm,7
Y,00:00:05:100,worm,5-2-2,out,worm,502
Y,00:00:05:200,worm,5-2-0,out,worm,0
Y,00:00:05:200,worm,5-2-2,out,worm,0
Y,00:00:05:200,worm,6-2-0,out,worm,7
Y,00:00:05:200,worm,6-2-2,out,worm,503
Y,00:00:05:300,worm,6-2-0,out,worm,0
Y,00:00:05:300,worm,6-2-2,out,worm,0
Y,00:00:05:300,worm,6-3-0,out,worm,7
Y,00:00:05:300,worm,6-3-2,out,worm,502
Y,00:00:05:400,worm,6-3-0,out,worm,0
Y,00:00:05:400,worm,6-3-2,out,worm,0
Y,00:00:05:400,worm,7-3-0,out,worm,8
Y,00:00:05:400,worm,7-3-1,out,worm,0
Y,00:00:05:400,worm,7-3-2,out,worm,503
Y,00:00:05:500,worm,7-3-0,out,worm,0
Y,00:00:05:500,worm,7-3-2,out,worm,0
Y,00:00:05:500,worm,7-4-0,out,worm,8
Y,00:00:05:500,worm,7-4-2,out,worm,501
Y,00:00:05:600,worm,7-4-0,out,worm,0
Y,00:00:05:600,worm,7-4-2,out,worm,0
Y,00:00:05:600,worm,6-4-2,out,worm,502
Y,00:00:05:600,worm,6-4-0,out,worm,8
Y,00:00:05:700,worm,6-4-0,out,worm,0
Y,00:00:05:700,worm,6-4-2,out,worm,0
Y,00:00:05:700,worm,7-4-0,out,worm,8
Y,00:00:05:700,worm,7-4-2,out,worm,503
Y,00:00:05:800,worm,7-4-0,out,worm,0
Y,00:00:05:800,worm,7-4-2,out,worm,0
Y,00:00:05:800,worm,7-5-0,out,worm,8
Y,00:00:05:800,worm,7-5-2,out,worm,501
Y,00:00:05:900,worm,7-5-0,out,worm,0
Y,00:00:05:900,worm,7-5-2,out,worm,0
Y,00:00:05:900,worm,6-5-2,out,worm,503
Y,00:00:05:900,worm,6-5-0,out,worm,8
Y,00:00:06:000,worm,6-5-0,out,worm,0
Y,00:00:06:000,worm,6-5-2,out,worm,0
Y,00:00:06:000,worm,6-6-0,out,worm,8
Y,00:00:06:000,worm,6-6-2,out,worm,503
Y,00:00:06:100,worm,6-6-0,out,worm,0
Y,00:00:06:100,worm,6-6-2,out,worm,0
Y,00:00:06:100,worm,6-7-0,out,worm,8
Y,00:00:06:100,worm,6-7-2,out,worm,502
Y,00:00:06:200,worm,6-7-0,out,worm,0
Y,00:00:06:200,worm,6-7-2,out,worm,0
Y,00:00:06:200,worm,7-7-0,out,worm,8
Y,00:00:06:200,worm,7-7-2,out,worm,501
Y,00:00:06:300,worm,6-7-0,out,worm,8
Y,00:00:06:300,worm,6-7-2,out,worm,502
Y,00:00:06:300,worm,7-7-0,out,worm,0
Y,00:00:06:300,worm,7-7-2,out,worm,0
Y,00:00:06:400,worm,6-7-0,out,worm,0
Y,00:00:06:400,worm,6-7-2,out,worm,0
Y,00:00:06:400,worm,7-7-0,out,worm,8
Y,00:00:06:400,worm,7-7-2,out,worm,503
Y,00:00:06:500,worm,7-7-0,out,worm,0
Y,00:00:06:500,worm,7-7-2,out,worm,0
Y,00:00:06:500,worm,7-8-0,out,worm,8
Y,00:00:06:500,worm,7-8-2,out,worm,504
Y,00:00:06:600,worm,7-7-0,out,worm,8
Y,00:00:06:600,worm,7-7-2,out,worm,502
Y,00:00:06:600,worm,7-8-0,out,worm,0
Y,00:00:06:600,worm,7-8-2,out,worm,0
Y,00:00:06:700,worm,7-7-0,out,worm,0
Y,00:00:06:700,worm,7-7-2,out,worm,0
Y,00:00:06:700,worm,8-7-0,out,worm,8
Y,00:00:06:700,worm,8-7-2,out,worm,502
Y,00:00:06:800,worm,8-7-0,out,worm,0
Y,00:00:06:800,worm,8-7-2,out,worm,0
Y,00:00:06:800,worm,9-7-0,out,worm,8
Y,00:00:06:800,worm,9-7-2,out,worm,502
Y,00:00:06:900,worm,9-7-0,out,worm,0
Y,00:00:06:900,worm,9-7-2,out,worm,0
Y,00:00:06:900,worm,0-7-2,out,worm,501
Y,00:00:06:900,worm,0-7-0,out,worm,8
Y,00:00:07:000,worm,0-7-0,out,worm,0
Y,00:00:07:000,worm,0-7-2,out,worm,0
Y,00:00:07:000,worm,9-7-0,out,worm,8
Y,00:00:07:000,worm,9-7-2,out,worm,503
Y,00:00:07:100,worm,9-7-0,out,worm,0
Y,00:00:07:100,worm,9-7-2,out,worm,0
Y,00:00:07:100,worm,9-8-0,out,worm,9
Y,00:00:07:100,worm,9-8-1,out,worm,0
Y,00:00:07:100,worm,9-8-2,out,worm,501
Y,00:00:07:200,worm,9-8-0,out,worm,0
Y,00:00:07:200,worm,9-8-2,out,worm,0
Y,00:00:07:200,worm,8-8-2,out,worm,503
Y,00:00:07:200,worm,8-8-0,out,worm,9
Y,00:00:07:300,worm,8-8-0,out,worm,0
Y,00:00:07:300,worm,8-8-2,out,worm,0
Y,00:00:07:300,worm,8-9-0,out,worm,9
Y,00:00:07:300,worm,8-9-2,out,worm,502
Y,00:00:07:400,worm,8-9-0,out,worm,0
Y,00:00:07:400,worm,8-9-2,out,worm,0
Y,00:00:07:400,worm,9-9-0,out,worm,9
Y,00:00:07:400,worm,9-9-2,out,worm,500
Y,00:00:07:500,worm,9-9-2,out,worm,503
Y,00:00:07:600,worm,9-0-0,out,worm,10
Y,00:00:07:600,worm,9-0-1,out,worm,0
Y,00:00:07:600,worm,9-0-2,out,worm,504
Y,00:00:07:600,worm,9-9-0,out,worm,0
Y,00:00:07:600,worm,9-9-2,out,worm,0
Y,00:00:07:700,worm,9-0-0,out,worm,0
Y,00:00:07:700,worm,9-0-2,out,worm,0
Y,00:00:07:700,worm,9-9-0,out,worm,10
Y,00:00:07:700,worm,9-9-2,out,worm,502
Y,00:00:07:800,worm,9-9-0,out,worm,0
Y,00:00:07:800,worm,9-9-2,out,worm,0
Y,00:00:07:800,worm,0-9-2,out,worm,503
Y,00:00:07:800,worm,0-9-1,out,worm,0
Y,00:00:07:800,worm,0-9-0,out,worm,11
Y,00:00:07:900,worm,0-9-0,out,worm,0
Y,00:00:07:900,worm,0-9-2,out,worm,0
Y,00:00:07:900,worm,0-0-2,out,worm,504
Y,00:00:07:900,worm,0-0-0,out,worm,11
Y,00:00:08:000,worm,0-0-0,out,worm,0
Y,00:00:08:000,worm,0-0-2,out,worm,0
Y,00:00:08:000,worm,0-9-0,out,worm,11
Y,00:00:08:000,worm,0-9-2,out,worm,502
Y,00:00:08:100,worm,0-9-0,out,worm,0
Y,00:00:08:100,worm,0-9-2,out,worm,0
Y,00:00:08:100,worm,1-9-0,out,worm,11
Y,00:00:08:100,worm,1-9-2,out,worm,502
Y,00:00:08:200,worm,1-9-0,out,worm,0
Y,00:00:08:200,worm,1-9-2,out,worm,0
Y,00:00:08:200,worm,2-9-0,out,worm,11
Y,00:00:08:200,worm,2-9-2,out,worm,501
Y,00:00:08:300,worm,1-9-0,out,worm,11
Y,00:00:08:300,worm,1-9-2,out,worm,502
Y,00:00:08:300,worm,2-9-0,out,worm,0
Y,00:00:08:300,worm,2-9-2,out,worm,0
Y,00:00:08:400,worm,1-9-0,out,worm,0
Y,00:00:08:400,worm,1-9-2,out,worm,0
Y,00:00:08:400,worm,2-9-0,out,worm,11
Y,00:00:08:400,worm,2-9-2,out,worm,502
Y,00:00:08:500,worm,2-9-0,out,worm,0
Y,00:00:08:500,worm,2-9-2,out,worm,0
Y,00:00:08:500,worm,3-9-0,out,worm,12
Y,00:00:08:500,worm,3-9-1,out,worm,0
Y,00:00:08:500,worm,3-9-2,out,worm,503
Y,00:00:08:600,worm,3-9-0,out,worm,0
Y,00:00:08:600,worm,3-9-2,out,worm,0
Y,00:00:08:600,worm,3-0-2,out,worm,500
Y,00:00:08:600,worm,3-0-0,out,worm,12
Y,00:00:08:700,worm,3-0-2,out,worm,503
Y,00:00:08:800,worm,3-0-0,out,worm,0
Y,00:00:08:800,worm,3-0-2,out,worm,0
Y,00:00:08:800,worm,3-1-0,out,worm,12
Y,00:00:08:800,worm,3-1-2,out,worm,504
Y,00:00:08:900,worm,3-0-0,out,worm,12
Y,00:00:08:900,worm,3-0-2,out,worm,501
Y,00:00:08:900,worm,3-1-0,out,worm,0
Y,00:00:08:900,worm,3-1-2,out,worm,0
Y,00:00:09:000,worm,2-0-0,out,worm,12
Y,00:00:09:000,worm,2-0-2,out,worm,502
Y,00:00:09:000,worm,3-0-0,out,worm,0
Y,00:00:09:000,worm,3-0-2,out,worm,0
Y,00:00:09:100,worm,2-0-0,out,worm,0
Y,00:00:09:100,worm,2-0-2,out,worm,0
Y,00:00:09:100,worm,3-0-0,out,worm,12
Y,00:00:09:100,worm,3-0-2,out,worm,502
Y,00:00:09:200,worm,3-0-0,out,worm,0
Y,00:00:09:200,worm,3-0-2,out,worm,0
Y,00:00:09:200,worm,4-0-0,out,worm,12
Y,00:00:09:200,worm,4-0-2,out,worm,504
Y,00:00:09:300,worm,4-0-0,out,worm,0
Y,00:00:09:300,worm,4-0-2,out,worm,0
Y,00:00:09:300,worm,4-9-0,out,worm,12
Y,00:00:09:300,worm,4-9-2,out,worm,501
Y,00:00:09:400,worm,4-9-0,out,worm,0
Y,00:00:09:400,worm,4-9-2,out,worm,0
Y,00:00:09:400,worm,3-9-2,out,worm,501
Y,00:00:09:400,worm,3-9-0,out,worm,12
Y,00:00:09:500,worm,3-9-0,out,worm,0
Y,00:00:09:500,worm,3-9-2,out,worm,0
Y,00:00:09:500,worm,2-9-2,out,worm,503
Y,00:00:09:500,worm,2-9-0,out,worm,12
Y,00:00:09:600,worm,2-9-0,out,worm,0
Y,00:00:09:600,worm,2-9-2,out,worm,0
Y,00:00:09:600,worm,2-0-2,out,worm,502
Y,00:00:09:600,worm,2-0-0,out,worm,12
Y,00:00:09:700,worm,2-0-0,out,worm,0
Y,00:00:09:700,worm,2-0-2,out,worm,0
Y,00:00:09:700,worm,3-0-0,out,worm,12
Y,00:00:09:700,worm,3-0-2,out,worm,502
Y,00:00:09:800,worm,3-0-0,out,worm,0
Y,00:00:09:800,worm,3-0-2,out,worm,0
Y,00:00:09:800,worm,4-0-0,out,worm,12
Y,00:00:09:800,worm,4-0-2,out,worm,504
Y,00:00:09:900,worm,4-0-0,out,worm,0
Y,00:00:09:900,worm,4-0-2,out,worm,0
Y,00:00:09:900,worm,4-9-0,out,worm,12
Y,00:00:09:900,worm,4-9-2,out,worm,501
Y,00:00:10:000,worm,4-9-0,out,worm,0
Y,00:00:10:000,worm,4-9-2,out,worm,0
Y,00:00:10:000,worm,3-9-2,out,worm,503
Y,00:00:10:000,worm,3-9-0,out,worm,12
Y,00:00:10:100,worm,3-9-0,out,worm,0
Y,00:00:10:100,worm,3-9-2,out,worm,0
Y,00:00:10:100,worm,3-0-2,out,worm,503
Y,00:00:10:100,worm,3-0-0,out,worm,12
Y,00:00:10:200,worm,3-0-0,out,worm,0
Y,00:00:10:200,worm,3-0-2,out,worm,0
Y,00:00:10:200,worm,3-1-0,out,worm,12
Y,00:00:10:200,worm,3-1-2,out,worm,501
Y,00:00:10:300,worm,3-1-0,out,worm,0
Y,00:00:10:300,worm,3-1-2,out,worm,0
Y,00:00:10:300,worm,2-1-2,out,worm,503
Y,00:00:10:300,worm,2-1-1,out,worm,0
Y,00:00:10:300,worm,2-1-0,out,worm,13
Y,00:00:10:400,worm,2-1-0,out,worm,0
Y,00:00:10:400,worm,2-1-2,out,worm,0
Y,00:00:10:400,worm,2-2-0,out,worm,13
Y,00:00:10:400,worm,2-2-2,out,worm,504
Y,00:00:10:500,worm,2-1-0,out,worm,13
Y,00:00:10:500,worm,2-1-2,out,worm,502
Y,00:00:10:500,worm,2-2-0,out,worm,0
Y,00:00:10:500,worm,2-2-2,out,worm,0
Y,00:00:10:600,worm,2-1-0,out,worm,0
Y,00:00:10:600,worm,2-1-2,out,worm,0
Y,00:00:10:600,worm,3-1-0,out,worm,13
Y,00:00:10:600,worm,3-1-2,out,worm,504
Y,00:00:10:700,worm,3-1-0,out,worm,0
Y,00:00:10:700,worm,3-1-2,out,worm,0
Y,00:00:10:700,worm,3-0-2,out,worm,504
Y,00:00:10:700,worm,3-0-0,out,worm,13
Y,00:00:10:800,worm,3-0-0,out,worm,0
Y,00:00:10:800,worm,3-0-2,out,worm,0
Y,00:00:10:800,worm,3-9-0,out,worm,13
Y,00:00:10:800,worm,3-9-2,out,worm,504
Y,00:00:10:900,worm,3-9-0,out,worm,0
Y,00:00:10:900,worm,3-9-2,out,worm,0
Y,00:00:10:900,worm,3-8-2,out,worm,502
Y,00:00:10:900,worm,3-8-0,out,worm,13
Y,00:00:11:000,worm,3-8-0,out,worm,0
Y,00:00:11:000,worm,3-8-2,out,worm,0
Y,00:00:11:000,worm,4-8-0,out,worm,13
Y,00:00:11:000,worm,4-8-2,out,worm,501
Y,00:00:11:100,worm,3-8-0,out,worm,13
Y,00:00:11:100,worm,3-8-2,out,worm,501
Y,00:00:11:100,worm,4-8-0,out,worm,0
Y,00:00:11:100,worm,4-8-2,out,worm,0
Y,00:00:11:200,worm,2-8-0,out,worm,13
Y,00:00:11:200,worm,2-8-2,out,worm,504
Y,00:00:11:200,worm,3-8-0,out,worm,0
Y,00:00:11:200,worm,3-8-2,out,worm,0
Y,00:00:11:300,worm,2-7-0,out,worm,13
Y,00:00:11:300,worm,2-7-2,out,worm,502
Y,00:00:11:300,worm,2-8-0,out,worm,0
Y,00:00:11:300,worm,2-8-2,out,worm,0
Y,00:00:11:400,worm,2-7-0,out,worm,0
Y,00:00:11:400,worm,2-7-2,out,worm,0
Y,00:00:11:400,worm,3-7-0,out,worm,13
Y,00:00:11:400,worm,3-7-2,out,worm,504
Y,00:00:11:500,worm,3-7-0,out,worm,0
Y,00:00:11:500,worm,3-7-2,out,worm,0
Y,00:00:11:500,worm,3-6-2,out,worm,502
Y,00:00:11:500,worm,3-6-0,out,worm,13
Y,00:00:11:600,worm,3-6-0,out,worm,0
Y,00:00:11:600,worm,3-6-2,out,worm,0
Y,00:00:11:600,worm,4-6-0,out,worm,13
Y,00:00:11:600,worm,4-6-2,out,worm,503
Y,00:00:11:700,worm,4-6-0,out,worm,0
Y,00:00:11:700,worm,4-6-2,out,worm,0
Y,00:00:11:700,worm,4-7-0,out,worm,13
Y,00:00:11:700,worm,4-7-2,out,worm,501
Y,00:00:11:800,worm,4-7-0,out,worm,0
Y,00:00:11:800,worm,4-7-2,out,worm,0
Y,00:00:11:800,worm,3-7-2,out,worm,502
Y,00:00:11:800,worm,3-7-0,out,worm,13
Y,00:00:11:900,worm,3-7-0,out,worm,0
Y,00:00:11:900,worm,3-7-2,out,worm,0
Y,00:00:11:900,worm,4-7-0,out,worm,13
Y,00:00:11:900,worm,4-7-2,out,worm,504
Y,00:00:12:000,worm,4-7-0,out,worm,0
Y,00:00:12:000,worm,4-7-2,out,worm,0
Y,00:00:12:000,worm,4-6-2,out,worm,501
Y,00:00:12:000,worm,4-6-0,out,worm,13
Y,00:00:12:100,worm,4-6-0,out,worm,0
Y,00:00:12:100,worm,4-6-2,out,worm,0
Y,00:00:12:100,worm,3-6-2,out,worm,500
Y,00:00:12:100,worm,3-6-0,out,worm,13
Y,00:00:12:200,worm,3-6-2,out,worm,504
Y,00:00:12:300,worm,3-5-0,out,worm,13
Y,00:00:12:300,worm,3-5-2,out,worm,503
Y,00:00:12:300,worm,3-6-0,out,worm,0
Y,00:00:12:300,worm,3-6-2,out,worm,0
Y,00:00:12:400,worm,3-5-0,out,worm,0
Y,00:00:12:400,worm,3-5-2,out,worm,0
Y,00:00:12:400,worm,3-6-0,out,worm,13
Y,00:00:12:400,worm,3-6-2,out,worm,502
Y,00:00:12:500,worm,3-6-0,out,worm,0
Y,00:00:12:500,worm,3-6-2,out,worm,0
Y,00:00:12:500,worm,4-6-0,out,worm,13
Y,00:00:12:500,worm,4-6-2,out,worm,500
Y,00:00:12:600,worm,4-6-2,out,worm,501
Y,00:00:12:700,worm,3-6-0,out,worm,13
Y,00:00:12:700,worm,3-6-2,out,worm,502
Y,00:00:12:700,worm,4-6-0,out,worm,0
Y,00:00:12:700,worm,4-6-2,out,worm,0
Y,00:00:12:800,worm,3-6-0,out,worm,0
Y,00:00:12:800,worm,3-6-2,out,worm,0
Y,00:00:12:800,worm,4-6-0,out,worm,13
Y,00:00:12:800,worm,4-6-2,out,worm,504
Y,00:00:12:900,worm,4-6-0,out,worm,0
Y,00:00:12:900,worm,4-6-2,out,worm,0
Y,00:00:12:900,worm,4-5-2,out,worm,501
Y,00:00:12:900,worm,4-5-0,out,worm,13
Y,00:00:13:000,worm,4-5-0,out,worm,0
Y,00:00:13:000,worm,4-5-2,out,worm,0
Y,00:00:13:000,worm,3-5-2,out,worm,502
Y,00:00:13:000,worm,3-5-0,out,worm,13
Y,00:00:13:100,worm,3-5-0,out,worm,0
Y,00:00:13:100,worm,3-5-2,out,worm,0
Y,00:00:13:100,worm,4-5-0,out,worm,13
Y,00:00:13:100,worm,4-5-2,out,worm,504
Y,00:00:13:200,worm,4-5-0,out,worm,0
Y,00:00:13:200,worm,4-5-2,out,worm,0
Y,00:00:13:200,worm,4-4-2,out,worm,503
Y,00:00:13:200,worm,4-4-0,out,worm,13
Y,00:00:13:300,worm,4-4-0,out,worm,0
Y,00:00:13:300,worm,4-4-2,out,worm,0
Y,00:00:13:300,worm,4-5-0,out,worm,13
Y,00:00:13:300,worm,4-5-2,out,worm,503
Y,00:00:13:400,worm,4-5-0,out,worm,0
Y,00:00:13:400,worm,4-5-2,out,worm,0
Y,00:00:13:400,worm,4-6-0,out,worm,13
Y,00:00:13:400,worm,4-6-2,out,worm,501
Y,00:00:13:500,worm,4-6-0,out,worm,0
Y,00:00:13:500,worm,4-6-2,out,worm,0
Y,00:00:13:500,worm,3-6-2,out,worm,503
Y,00:00:13:500,worm,3-6-0,out,worm,13
Y,00:00:13:600,worm,3-6-0,out,worm,0
Y,00:00:13:600,worm,3-6-2,out,worm,0
Y,00:00:13:600,worm,3-7-0,out,worm,13
Y,00:00:13:600,worm,3-7-2,out,worm,500
Y,00:00:13:700,worm,3-7-2,out,worm,502
Y,00:00:13:800,worm,3-7-0,out,worm,0
Y,00:00:13:800,worm,3-7-2,out,worm,0
Y,00:00:13:800,worm,4-7-0,out,worm,13
Y,00:00:13:800,worm,4-7-2,out,worm,500
Y,00:00:13:900,worm,4-7-2,out,worm,501
Y,00:00:14:000,worm,3-7-0,out,worm,13
Y,00:00:14:000,worm,3-7-2,out,worm,502
Y,00:00:14:000,worm,4-7-0,out,worm,0
Y,00:00:14:000,worm,4-7-2,out,worm,0
Y,00:00:14:100,worm,3-7-0,out,worm,0
Y,00:00:14:100,worm,3-7-2,out,worm,0
Y,00:00:14:100,worm,4-7-0,out,worm,13
Y,00:00:14:100,worm,4-7-2,out,worm,500
Y,00:00:14:200,worm,4-7-2,out,worm,504
Y,00:00:14:300,worm,4-6-0,out,worm,13
Y,00:00:14:300,worm,4-6-2,out,worm,500
Y,00:00:14:300,worm,4-7-0,out,worm,0
Y,00:00:14:300,worm,4-7-2,out,worm,0
Y,00:00:14:400,worm,4-6-2,out,worm,501
Y,00:00:14:500,worm,3-6-0,out,worm,13
Y,00:00:14:500,worm,3-6-2,out,worm,502
Y,00:00:14:500,worm,4-6-0,out,worm,0
Y,00:00:14:500,worm,4-6-2,out,worm,0
Y,00:00:14:600,worm,3-6-0,out,worm,0
Y,00:00:14:600,worm,3-6-2,out,worm,0
Y,00:00:14:600,worm,4-6-0,out,worm,13
Y,00:00:14:600,worm,4-6-2,out,worm,502
Y,00:00:14:700,worm,4-6-0,out,worm,0
Y,00:00:14:700,worm,4-6-2,out,worm,0
Y,00:00:14:700,worm,5-6-0,out,worm,13
Y,00:00:14:700,worm,5-6-2,out,worm,503
Y,00:00:14:800,worm,5-6-0,out,worm,0
Y,00:00:14:800,worm,5-6-2,out,worm,0
Y,00:00:14:800,worm,5-7-0,out,worm,13
Y,00:00:14:800,worm,5-7-2,out,worm,501
Y,00:00:14:900,worm,5-7-0,out,worm,0
Y,00:00:14:900,worm,5-7-2,out,worm,0
Y,00:00:14:900,worm,4-7-2,out,worm,501
Y,00:00:14:900,worm,4-7-0,out,worm,13
Y,00:00:15:000,worm,4-7-0,out,worm,0
Y,00:00:15:000,worm,4-7-2,out,worm,0
Y,00:00:15:000,worm,3-7-2,out,worm,501
Y,00:00:15:000,worm,3-7-0,out,worm,13
Y,00:00:15:100,worm,3-7-0,out,worm,0
Y,00:00:15:100,worm,3-7-2,out,worm,0
Y,00:00:15:100,worm,2-7-2,out,worm,500
Y,00:00:15:100,worm,2-7-0,out,worm,13
Y,00:00:15:200,worm,2-7-2,out,worm,501
Y,00:00:15:300,worm,1-7-0,out,worm,13
Y,00:00:15:300,worm,1-7-2,out,worm,501
Y,00:00:15:300,worm,2-7-0,out,worm,0
Y,00:00:15:300,worm,2-7-2,out,worm,0
Y,00:00:15:400,worm,0-7-0,out,worm,13
Y,00:00:15:400,worm,0-7-2,out,worm,501
Y,00:00:15:400,worm,1-7-0,out,worm,0
Y,00:00:15:400,worm,1-7-2,out,worm,0
Y,00:00:15:500,worm,0-7-0,out,worm,0
Y,00:00:15:500,worm,0-7-2,out,worm,0
Y,00:00:15:500,worm,9-7-0,out,worm,13
Y,00:00:15:500,worm,9-7-2,out,worm,501
Y,00:00:15:600,worm,9-7-0,out,worm,0
Y,00:00:15:600,worm,9-7-2,out,worm,0
Y,00:00:15:600,worm,8-7-2,out,worm,504
Y,00:00:15:600,worm,8-7-0,out,worm,13
Y,00:00:15:700,worm,8-7-0,out,worm,0
Y,00:00:15:700,worm,8-7-2,out,worm,0
Y,00:00:15:700,worm,8-6-2,out,worm,502
Y,00:00:15:700,worm,8-6-0,out,worm,13
Y,00:00:15:800,worm,8-6-0,out,worm,0
Y,00:00:15:800,worm,8-6-2,out,worm,0
Y,00:00:15:800,worm,9-6-0,out,worm,13
Y,00:00:15:800,worm,9-6-2,out,worm,503
Y,00:00:15:900,worm,9-6-0,out,worm,0
Y,00:00:15:900,worm,9-6-2,out,worm,0
Y,00:00:15:900,worm,9-7-0,out,worm,13
Y,00:00:15:900,worm,9-7-2,out,worm,501
Y,00:00:16:000,worm,9-7-0,out,worm,0
Y,00:00:16:000,worm,9-7-2,out,worm,0
Y,00:00:16:000,worm,8-7-2,out,worm,504
Y,00:00:16:000,worm,8-7-0,out,worm,13
Y,00:00:16:100,worm,8-7-0,out,worm,0
Y,00:00:16:100,worm,8-7-2,out,worm,0
Y,00:00:16:100,worm,8-6-2,out,worm,500
Y,00:00:16:100,worm,8-6-0,out,worm,13
Y,00:00:16:200,worm,8-6-2,out,worm,503
Y,00:00:16:300,worm,8-6-0,out,worm,0
Y,00:00:16:300,worm,8-6-2,out,worm,0
Y,00:00:16:300,worm,8-7-0,out,worm,13
Y,00:00:16:300,worm,8-7-2,out,worm,503
Y,00:00:16:400,worm,8-7-0,out,worm,0
Y,00:00:16:400,worm,8-7-2,out,worm,0
Y,00:00:16:400,worm,8-8-0,out,worm,13
Y,00:00:16:400,worm,8-8-2,out,worm,504
Y,00:00:16:500,worm,8-7-0,out,worm,13
Y,00:00:16:500,worm,8-7-2,out,worm,502
Y,00:00:16:500,worm,8-8-0,out,worm,0
Y,00:00:16:500,worm,8-8-2,out,worm,0
Y,00:00:16:600,worm,8-7-0,out,worm,0
Y,00:00:16:600,worm,8-7-2,out,worm,0
Y,00:00:16:600,worm,9-7-0,out,worm,13
Y,00:00:16:600,worm,9-7-2,out,worm,504
Y,00:00:16:700,worm,9-7-0,out,worm,0
Y,00:00:16:700,worm,9-7-2,out,worm,0
Y,00:00:16:700,worm,9-6-2,out,worm,502
Y,00:00:16:700,worm,9-6-0,out,worm,13
Y,00:00:16:800,worm,9-6-0,out,worm,0
Y,00:00:16:800,worm,9-6-2,out,worm,0
Y,00:00:16:800,worm,0-6-2,out,worm,503
Y,00:00:16:800,worm,0-6-0,out,worm,13
Y,00:00:16:900,worm,0-6-0,out,worm,0
Y,00:00:16:900,worm,0-6-2,out,worm,0
Y,00:00:16:900,worm,0-7-0,out,worm,13
Y,00:00:16:900,worm,0-7-2,out,worm,504
Y,00:00:17:000,worm,0-6-0,out,worm,13
Y,00:00:17:000,worm,0-6-2,out,worm,501
Y,00:00:17:000,worm,0-7-0,out,worm,0
Y,00:00:17:000,worm,0-7-2,out,worm,0
Y,00:00:17:100,worm,0-6-0,out,worm,0
Y,00:00:17:100,worm,0-6-2,out,worm,0
Y,00:00:17:100,worm,9-6-0,out,worm,13
Y,00:00:17:100,worm,9-6-2,out,worm,502
Y,00:00:17:200,worm,0-6-0,out,worm,13
Y,00:00:17:200,worm,0-6-2,out,worm,502
Y,00:00:17:200,worm,9-6-0,out,worm,0
Y,00:00:17:200,worm,9-6-2,out,worm,0
Y,00:00:17:300,worm,0-6-0,out,worm,0
Y,00:00:17:300,worm,0-6-2,out,worm,0
Y,00:00:17:300,worm,1-6-0,out,worm,13
Y,00:00:17:300,worm,1-6-2,out,worm,503
Y,00:00:17:400,worm,1-6-0,out,worm,0
Y,00:00:17:400,worm,1-6-2,out,worm,0
Y,00:00:17:400,worm,1-7-0,out,worm,13
Y,00:00:17:400,worm,1-7-2,out,worm,503
Y,00:00:17:500,worm,1-7-0,out,worm,0
Y,00:00:17:500,worm,1-7-2,out,worm,0
Y,00:00:17:500,worm,1-8-0,out,worm,13
Y,00:00:17:500,worm,1-8-2,out,worm,501
Y,00:00:17:600,worm,1-8-0,out,worm,0
Y,00:00:17:600,worm,1-8-2,out,worm,0
Y,00:00:17:600,worm,0-8-2,out,worm,503
Y,00:00:17:600,worm,0-8-0,out,worm,13
Y,00:00:17:700,worm,0-8-0,out,worm,0
Y,00:00:17:700,worm,0-8-2,out,worm,0
Y,00:00:17:700,worm,0-9-0,out,worm,13
Y,00:00:17:700,worm,0-9-2,out,worm,500
Y,00:00:17:800,worm,0-9-2,out,worm,502
Y,00:00:17:900,worm,0-9-0,out,worm,0
Y,00:00:17:900,worm,0-9-2,out,worm,0
Y,00:00:17:900,worm,1-9-0,out,worm,13
Y,00:00:17:900,worm,1-9-2,out,worm,504
Y,00:00:18:000,worm,1-9-0,out,worm,0
Y,00:00:18:000,worm,1-9-2,out,worm,0
Y,00:00:18:000,worm,1-8-2,out,worm,502
Y,00:00:18:000,worm,1-8-0,out,worm,13
Y,00:00:18:100,worm,1-8-0,out,worm,0
Y,00:00:18:100,worm,1-8-2,out,worm,0
Y,00:00:18:100,worm,2-8-0,out,worm,13
Y,00:00:18:100,worm,2-8-2,out,worm,502
Y,00:00:18:200,worm,2-8-0,out,worm,0
Y,00:00:18:200,worm,2-8-2,out,worm,0
Y,00:00:18:200,worm,3-8-0,out,worm,13
Y,00:00:18:200,worm,3-8-2,out,worm,501
Y,00:00:18:300,worm,2-8-0,out,worm,13
Y,00:00:18:300,worm,2-8-2,out,worm,504
Y,00:00:18:300,worm,3-8-0,out,worm,0
Y,00:00:18:300,worm,3-8-2,out,worm,0
Y,00:00:18:400,worm,2-7-0,out,worm,13
Y,00:00:18:400,worm,2-7-2,out,worm,503
Y,00:00:18:400,worm,2-8-0,out,worm,0
Y,00:00:18:400,worm,2-8-2,out,worm,0
Y,00:00:18:500,worm,2-7-0,out,worm,0
Y,00:00:18:500,worm,2-7-2,out,worm,0
Y,00:00:18:500,worm,2-8-0,out,worm,13
Y,00:00:18:500,worm,2-8-2,out,worm,502
Y,00:00:18:600,worm,2-8-0,out,worm,0
Y,00:00:18:600,worm,2-8-2,out,worm,0
Y,00:00:18:600,worm,3-8-0,out,worm,13
Y,00:00:18:600,worm,3-8-2,out,worm,500
