Y,00:00:00:000,avain,0-0-0,out,avain,5
Y,00:00:00:000,avain,0-1-0,out,avain,5
Y,00:00:00:000,avain,0-2-0,out,avain,5
Y,00:00:00:000,avain,0-3-0,out,avain,5
Y,00:00:00:000,avain,0-4-0,out,avain,5
Y,00:00:00:000,avain,0-5-0,out,avain,5
Y,00:00:00:000,avain,0-6-0,out,avain,5
Y,00:00:00:000,avain,0-7-0,out,avain,5
Y,00:00:00:000,avain,0-8-0,out,avain,0
Y,00:00:00:000,avain,0-9-0,out,avain,0
Y,00:00:00:000,avain,0-10-0,out,avain,0
Y,00:00:00:000,avain,0-11-0,out,avain,0
Y,00:00:00:000,avain,0-12-0,out,avain,0
Y,00:00:00:000,avain,0-13-0,out,avain,0
Y,00:00:00:000,avain,0-14-0,out,avain,0
Y,00:00:00:000,avain,0-15-0,out,avain,0
Y,00:00:00:000,avain,0-16-0,out,avain,0
Y,00:00:00:000,avain,0-17-0,out,avain,0
Y,00:00:00:000,avain,0-18-0,out,avain,0
Y,00:00:00:000,avain,0-19-0,out,avain,0
Y,00:00:00:000,avain,0-20-0,out,avain,0
Y,00:00:00:000,avain,0-21-0,out,avain,0
Y,00:00:00:000,avain,0-22-0,out,avain,0
Y,00:00:00:000,avain,0-23-0,out,avain,0
Y,00:00:00:000,avain,0-24-0,out,avain,0
Y,00:00:00:000,avain,0-25-0,out,avain,0
Y,00:00:00:000,avain,0-26-0,out,avain,0
Y,00:00:00:000,avain,0-27-0,out,avain,0
Y,00:00:00:000,avain,0-28-0,out,avain,0
Y,00:00:00:000,avain,0-29-0,out,avain,0
Y,00:00:00:000,avain,0-30-0,out,avain,0
Y,00:00:00:000,avain,0-31-0,out,avain,0
Y,00:00:00:000,avain,0-32-0,out,avain,0
Y,00:00:00:000,avain,0-33-0,out,avain,0
Y,00:00:00:000,avain,0-34-0,out,avain,0
Y,00:00:00:000,avain,1-0-0,out,avain,5
Y,00:00:00:000,avain,1-1-0,out,avain,0
Y,00:00:00:000,avain,1-2-0,out,avain,0
Y,00:00:00:000,avain,1-3-0,out,avain,0
Y,00:00:00:000,avain,1-4-0,out,avain,0
Y,00:00:00:000,avain,1-5-0,out,avain,0
Y,00:00:00:000,avain,1-6-0,out,avain,0
Y,00:00:00:000,avain,1-7-0,out,avain,5
Y,00:00:00:000,avain,1-8-0,out,avain,0
Y,00:00:00:000,avain,1-9-0,out,avain,0
Y,00:00:00:000,avain,1-10-0,out,avain,0
Y,00:00:00:000,avain,1-11-0,out,avain,0
Y,00:00:00:000,avain,1-12-0,out,avain,0
Y,00:00:00:000,avain,1-13-0,out,avain,0
Y,00:00:00:000,avain,1-14-0,out,avain,0
Y,00:00:00:000,avain,1-15-0,out,avain,0
Y,00:00:00:000,avain,1-16-0,out,avain,0
Y,00:00:00:000,avain,1-17-0,out,avain,0
Y,00:00:00:000,avain,1-18-0,out,avain,0
Y,00:00:00:000,avain,1-19-0,out,avain,0
Y,00:00:00:000,avain,1-20-0,out,avain,0
Y,00:00:00:000,avain,1-21-0,out,avain,0
Y,00:00:00:000,avain,1-22-0,out,avain,0
Y,00:00:00:000,avain,1-23-0,out,avain,0
Y,00:00:00:000,avain,1-24-0,out,avain,0
Y,00:00:00:000,avain,1-25-0,out,avain,0
Y,00:00:00:000,avain,1-26-0,out,avain,0
Y,00:00:00:000,avain,1-27-0,out,avain,0
Y,00:00:00:000,avain,1-28-0,out,avain,0
Y,00:00:00:000,avain,1-29-0,out,avain,0
Y,00:00:00:000,avain,1-30-0,out,avain,0
Y,00:00:00:000,avain,1-31-0,out,avain,0
Y,00:00:00:000,avain,1-32-0,out,avain,0
Y,00:00:00:000,avain,1-33-0,out,avain,0
Y,00:00:00:000,avain,1-34-0,out,avain,0
Y,00:00:00:000,avain,2-0-0,out,avain,5
Y,00:00:00:000,avain,2-1-0,out,avain,0
Y,00:00:00:000,avain,2-2-0,out,avain,0
Y,00:00:00:000,avain,2-3-0,out,avain,0
Y,00:00:00:000,avain,2-4-0,out,avain,0
Y,00:00:00:000,avain,2-5-0,out,avain,0
Y,00:00:00:000,avain,2-6-0,out,avain,0
Y,00:00:00:000,avain,2-7-0,out,avain,5
Y,00:00:00:000,avain,2-8-0,out,avain,0
Y,00:00:00:000,avain,2-9-0,out,avain,0
Y,00:00:00:000,avain,2-10-0,out,avain,0
Y,00:00:00:000,avain,2-11-0,out,avain,0
Y,00:00:00:000,avain,2-12-0,out,avain,0
Y,00:00:00:000,avain,2-13-0,out,avain,0
Y,00:00:00:000,avain,2-14-0,out,avain,0
Y,00:00:00:000,avain,2-15-0,out,avain,0
Y,00:00:00:000,avain,2-16-0,out,avain,0
Y,00:00:00:000,avain,2-17-0,out,avain,0
Y,00:00:00:000,avain,2-18-0,out,avain,0
Y,00:00:00:000,avain,2-19-0,out,avain,0
Y,00:00:00:000,avain,2-20-0,out,avain,0
Y,00:00:00:000,avain,2-21-0,out,avain,0
Y,00:00:00:000,avain,2-22-0,out,avain,0
Y,00:00:00:000,avain,2-23-0,out,avain,0
Y,00:00:00:000,avain,2-24-0,out,avain,0
Y,00:00:00:000,avain,2-25-0,out,avain,0
Y,00:00:00:000,avain,2-26-0,out,avain,0
Y,00:00:00:000,avain,2-27-0,out,avain,0
Y,00:00:00:000,avain,2-28-0,out,avain,0
Y,00:00:00:000,avain,2-29-0,out,avain,0
Y,00:00:00:000,avain,2-30-0,out,avain,0
Y,00:00:00:000,avain,2-31-0,out,avain,0
Y,00:00:00:000,avain,2-32-0,out,avain,0
Y,00:00:00:000,avain,2-33-0,out,avain,0
Y,00:00:00:000,avain,2-34-0,out,avain,0
Y,00:00:00:000,avain,3-0-0,out,avain,5
Y,00:00:00:000,avain,3-1-0,out,avain,0
Y,00:00:00:000,avain,3-2-0,out,avain,0
Y,00:00:00:000,avain,3-3-0,out,avain,2
Y,00:00:00:000,avain,3-4-0,out,avain,0
Y,00:00:00:000,avain,3-5-0,out,avain,0
Y,00:00:00:000,avain,3-6-0,out,avain,0
Y,00:00:00:000,avain,3-7-0,out,avain,5
Y,00:00:00:000,avain,3-8-0,out,avain,0
Y,00:00:00:000,avain,3-9-0,out,avain,0
Y,00:00:00:000,avain,3-10-0,out,avain,0
Y,00:00:00:000,avain,3-11-0,out,avain,0
Y,00:00:00:000,avain,3-12-0,out,avain,0
Y,00:00:00:000,avain,3-13-0,out,avain,0
Y,00:00:00:000,avain,3-14-0,out,avain,0
Y,00:00:00:000,avain,3-15-0,out,avain,0
Y,00:00:00:000,avain,3-16-0,out,avain,0
Y,00:00:00:000,avain,3-17-0,out,avain,0
Y,00:00:00:000,avain,3-18-0,out,avain,0
Y,00:00:00:000,avain,3-19-0,out,avain,0
Y,00:00:00:000,avain,3-20-0,out,avain,0
Y,00:00:00:000,avain,3-21-0,out,avain,0
Y,00:00:00:000,avain,3-22-0,out,avain,0
Y,00:00:00:000,avain,3-23-0,out,avain,0
Y,00:00:00:000,avain,3-24-0,out,avain,0
Y,00:00:00:000,avain,3-25-0,out,avain,0
Y,00:00:00:000,avain,3-26-0,out,avain,0
Y,00:00:00:000,avain,3-27-0,out,avain,0
Y,00:00:00:000,avain,3-28-0,out,avain,0
Y,00:00:00:000,avain,3-29-0,out,avain,0
Y,00:00:00:000,avain,3-30-0,out,avain,0
Y,00:00:00:000,avain,3-31-0,out,avain,0
Y,00:00:00:000,avain,3-32-0,out,avain,0
Y,00:00:00:000,avain,3-33-0,out,avain,0
Y,00:00:00:000,avain,3-34-0,out,avain,0
Y,00:00:00:000,avain,4-0-0,out,avain,5
Y,00:00:00:000,avain,4-1-0,out,avain,0
Y,00:00:00:000,avain,4-2-0,out,avain,0
Y,00:00:00:000,avain,4-3-0,out,avain,0
Y,00:00:00:000,avain,4-4-0,out,avain,0
Y,00:00:00:000,avain,4-5-0,out,avain,0
Y,00:00:00:000,avain,4-6-0,out,avain,0
Y,00:00:00:000,avain,4-7-0,out,avain,5
Y,00:00:00:000,avain,4-8-0,out,avain,0
Y,00:00:00:000,avain,4-9-0,out,avain,0
Y,00:00:00:000,avain,4-10-0,out,avain,0
Y,00:00:00:000,avain,4-11-0,out,avain,0
Y,00:00:00:000,avain,4-12-0,out,avain,0
Y,00:00:00:000,avain,4-13-0,out,avain,0
Y,00:00:00:000,avain,4-14-0,out,avain,0
Y,00:00:00:000,avain,4-15-0,out,avain,0
Y,00:00:00:000,avain,4-16-0,out,avain,0
Y,00:00:00:000,avain,4-17-0,out,avain,0
Y,00:00:00:000,avain,4-18-0,out,avain,0
Y,00:00:00:000,avain,4-19-0,out,avain,0
Y,00:00:00:000,avain,4-20-0,out,avain,0
Y,00:00:00:000,avain,4-21-0,out,avain,0
Y,00:00:00:000,avain,4-22-0,out,avain,0
Y,00:00:00:000,avain,4-23-0,out,avain,0
Y,00:00:00:000,avain,4-24-0,out,avain,0
Y,00:00:00:000,avain,4-25-0,out,avain,0
Y,00:00:00:000,avain,4-26-0,out,avain,0
Y,00:00:00:000,avain,4-27-0,out,avain,0
Y,00:00:00:000,avain,4-28-0,out,avain,0
Y,00:00:00:000,avain,4-29-0,out,avain,0
Y,00:00:00:000,avain,4-30-0,out,avain,0
Y,00:00:00:000,avain,4-31-0,out,avain,0
Y,00:00:00:000,avain,4-32-0,out,avain,0
Y,00:00:00:000,avain,4-33-0,out,avain,0
Y,00:00:00:000,avain,4-34-0,out,avain,0
Y,00:00:00:000,avain,5-0-0,out,avain,5
Y,00:00:00:000,avain,5-1-0,out,avain,0
Y,00:00:00:000,avain,5-2-0,out,avain,0
Y,00:00:00:000,avain,5-3-0,out,avain,0
Y,00:00:00:000,avain,5-4-0,out,avain,0
Y,00:00:00:000,avain,5-5-0,out,avain,0
Y,00:00:00:000,avain,5-6-0,out,avain,0
Y,00:00:00:000,avain,5-7-0,out,avain,5
Y,00:00:00:000,avain,5-8-0,out,avain,5
Y,00:00:00:000,avain,5-9-0,out,avain,5
Y,00:00:00:000,avain,5-10-0,out,avain,5
Y,00:00:00:000,avain,5-11-0,out,avain,5
Y,00:00:00:000,avain,5-12-0,out,avain,5
Y,00:00:00:000,avain,5-13-0,out,avain,0
Y,00:00:00:000,avain,5-14-0,out,avain,0
Y,00:00:00:000,avain,5-15-0,out,avain,0
Y,00:00:00:000,avain,5-16-0,out,avain,0
Y,00:00:00:000,avain,5-17-0,out,avain,0
Y,00:00:00:000,avain,5-18-0,out,avain,0
Y,00:00:00:000,avain,5-19-0,out,avain,0
Y,00:00:00:000,avain,5-20-0,out,avain,0
Y,00:00:00:000,avain,5-21-0,out,avain,0
Y,00:00:00:000,avain,5-22-0,out,avain,0
Y,00:00:00:000,avain,5-23-0,out,avain,0
Y,00:00:00:000,avain,5-24-0,out,avain,0
Y,00:00:00:000,avain,5-25-0,out,avain,0
Y,00:00:00:000,avain,5-26-0,out,avain,0
Y,00:00:00:000,avain,5-27-0,out,avain,0
Y,00:00:00:000,avain,5-28-0,out,avain,0
Y,00:00:00:000,avain,5-29-0,out,avain,0
Y,00:00:00:000,avain,5-30-0,out,avain,0
Y,00:00:00:000,avain,5-31-0,out,avain,0
Y,00:00:00:000,avain,5-32-0,out,avain,0
Y,00:00:00:000,avain,5-33-0,out,avain,0
Y,00:00:00:000,avain,5-34-0,out,avain,0
Y,00:00:00:000,avain,6-0-0,out,avain,5
Y,00:00:00:000,avain,6-1-0,out,avain,0
Y,00:00:00:000,avain,6-2-0,out,avain,0
Y,00:00:00:000,avain,6-3-0,out,avain,0
Y,00:00:00:000,avain,6-4-0,out,avain,0
Y,00:00:00:000,avain,6-5-0,out,avain,0
Y,00:00:00:000,avain,6-6-0,out,avain,0
Y,00:00:00:000,avain,6-7-0,out,avain,0
Y,00:00:00:000,avain,6-8-0,out,avain,0
Y,00:00:00:000,avain,6-9-0,out,avain,0
Y,00:00:00:000,avain,6-10-0,out,avain,0
Y,00:00:00:000,avain,6-11-0,out,avain,0
Y,00:00:00:000,avain,6-12-0,out,avain,5
Y,00:00:00:000,avain,6-13-0,out,avain,5
Y,00:00:00:000,avain,6-14-0,out,avain,5
Y,00:00:00:000,avain,6-15-0,out,avain,5
Y,00:00:00:000,avain,6-16-0,out,avain,5
Y,00:00:00:000,avain,6-17-0,out,avain,5
Y,00:00:00:000,avain,6-18-0,out,avain,5
Y,00:00:00:000,avain,6-19-0,out,avain,5
Y,00:00:00:000,avain,6-20-0,out,avain,5
Y,00:00:00:000,avain,6-21-0,out,avain,5
Y,00:00:00:000,avain,6-22-0,out,avain,5
Y,00:00:00:000,avain,6-23-0,out,avain,0
Y,00:00:00:000,avain,6-24-0,out,avain,0
Y,00:00:00:000,avain,6-25-0,out,avain,0
Y,00:00:00:000,avain,6-26-0,out,avain,0
Y,00:00:00:000,avain,6-27-0,out,avain,0
Y,00:00:00:000,avain,6-28-0,out,avain,0
Y,00:00:00:000,avain,6-29-0,out,avain,0
Y,00:00:00:000,avain,6-30-0,out,avain,0
Y,00:00:00:000,avain,6-31-0,out,avain,0
Y,00:00:00:000,avain,6-32-0,out,avain,0
Y,00:00:00:000,avain,6-33-0,out,avain,0
Y,00:00:00:000,avain,6-34-0,out,avain,0
Y,00:00:00:000,avain,7-0-0,out,avain,5
Y,00:00:00:000,avain,7-1-0,out,avain,5
Y,00:00:00:000,avain,7-2-0,out,avain,5
Y,00:00:00:000,avain,7-3-0,out,avain,5
Y,00:00:00:000,avain,7-4-0,out,avain,5
Y,00:00:00:000,avain,7-5-0,out,avain,5
Y,00:00:00:000,avain,7-6-0,out,avain,0
Y,00:00:00:000,avain,7-7-0,out,avain,0
Y,00:00:00:000,avain,7-8-0,out,avain,0
Y,00:00:00:000,avain,7-9-0,out,avain,0
Y,00:00:00:000,avain,7-10-0,out,avain,0
Y,00:00:00:000,avain,7-11-0,out,avain,0
Y,00:00:00:000,avain,7-12-0,out,avain,0
Y,00:00:00:000,avain,7-13-0,out,avain,0
Y,00:00:00:000,avain,7-14-0,out,avain,0
Y,00:00:00:000,avain,7-15-0,out,avain,0
Y,00:00:00:000,avain,7-16-0,out,avain,0
Y,00:00:00:000,avain,7-17-0,out,avain,0
Y,00:00:00:000,avain,7-18-0,out,avain,0
Y,00:00:00:000,avain,7-19-0,out,avain,0
Y,00:00:00:000,avain,7-20-0,out,avain,0
Y,00:00:00:000,avain,7-21-0,out,avain,0
Y,00:00:00:000,avain,7-22-0,out,avain,5
Y,00:00:00:000,avain,7-23-0,out,avain,0
Y,00:00:00:000,avain,7-24-0,out,avain,0
Y,00:00:00:000,avain,7-25-0,out,avain,0
Y,00:00:00:000,avain,7-26-0,out,avain,0
Y,00:00:00:000,avain,7-27-0,out,avain,0
Y,00:00:00:000,avain,7-28-0,out,avain,0
Y,00:00:00:000,avain,7-29-0,out,avain,0
Y,00:00:00:000,avain,7-30-0,out,avain,0
Y,00:00:00:000,avain,7-31-0,out,avain,0
Y,00:00:00:000,avain,7-32-0,out,avain,0
Y,00:00:00:000,avain,7-33-0,out,avain,0
Y,00:00:00:000,avain,7-34-0,out,avain,0
Y,00:00:00:000,avain,8-0-0,out,avain,0
Y,00:00:00:000,avain,8-1-0,out,avain,0
Y,00:00:00:000,avain,8-2-0,out,avain,0
Y,00:00:00:000,avain,8-3-0,out,avain,0
Y,00:00:00:000,avain,8-4-0,out,avain,0
Y,00:00:00:000,avain,8-5-0,out,avain,5
Y,00:00:00:000,avain,8-6-0,out,avain,5
Y,00:00:00:000,avain,8-7-0,out,avain,5
Y,00:00:00:000,avain,8-8-0,out,avain,5
Y,00:00:00:000,avain,8-9-0,out,avain,5
Y,00:00:00:000,avain,8-10-0,out,avain,0
Y,00:00:00:000,avain,8-11-0,out,avain,0
Y,00:00:00:000,avain,8-12-0,out,avain,0
Y,00:00:00:000,avain,8-13-0,out,avain,0
Y,00:00:00:000,avain,8-14-0,out,avain,0
Y,00:00:00:000,avain,8-15-0,out,avain,0
Y,00:00:00:000,avain,8-16-0,out,avain,0
Y,00:00:00:000,avain,8-17-0,out,avain,0
Y,00:00:00:000,avain,8-18-0,out,avain,0
Y,00:00:00:000,avain,8-19-0,out,avain,0
Y,00:00:00:000,avain,8-20-0,out,avain,0
Y,00:00:00:000,avain,8-21-0,out,avain,0
Y,00:00:00:000,avain,8-22-0,out,avain,5
Y,00:00:00:000,avain,8-23-0,out,avain,0
Y,00:00:00:000,avain,8-24-0,out,avain,0
Y,00:00:00:000,avain,8-25-0,out,avain,0
Y,00:00:00:000,avain,8-26-0,out,avain,0
Y,00:00:00:000,avain,8-27-0,out,avain,0
Y,00:00:00:000,avain,8-28-0,out,avain,0
Y,00:00:00:000,avain,8-29-0,out,avain,0
Y,00:00:00:000,avain,8-30-0,out,avain,0
Y,00:00:00:000,avain,8-31-0,out,avain,0
Y,00:00:00:000,avain,8-32-0,out,avain,0
Y,00:00:00:000,avain,8-33-0,out,avain,0
Y,00:00:00:000,avain,8-34-0,out,avain,0
Y,00:00:00:000,avain,9-0-0,out,avain,0
Y,00:00:00:000,avain,9-1-0,out,avain,0
Y,00:00:00:000,avain,9-2-0,out,avain,0
Y,00:00:00:000,avain,9-3-0,out,avain,0
Y,00:00:00:000,avain,9-4-0,out,avain,0
Y,00:00:00:000,avain,9-5-0,out,avain,0
Y,00:00:00:000,avain,9-6-0,out,avain,0
Y,00:00:00:000,avain,9-7-0,out,avain,0
Y,00:00:00:000,avain,9-8-0,out,avain,0
Y,00:00:00:000,avain,9-9-0,out,avain,5
Y,00:00:00:000,avain,9-10-0,out,avain,0
Y,00:00:00:000,avain,9-11-0,out,avain,0
Y,00:00:00:000,avain,9-12-0,out,avain,0
Y,00:00:00:000,avain,9-13-0,out,avain,0
Y,00:00:00:000,avain,9-14-0,out,avain,0
Y,00:00:00:000,avain,9-15-0,out,avain,0
Y,00:00:00:000,avain,9-16-0,out,avain,0
Y,00:00:00:000,avain,9-17-0,out,avain,0
Y,00:00:00:000,avain,9-18-0,out,avain,0
Y,00:00:00:000,avain,9-19-0,out,avain,0
Y,00:00:00:000,avain,9-20-0,out,avain,0
Y,00:00:00:000,avain,9-21-0,out,avain,0
Y,00:00:00:000,avain,9-22-0,out,avain,5
Y,00:00:00:000,avain,9-23-0,out,avain,0
Y,00:00:00:000,avain,9-24-0,out,avain,0
Y,00:00:00:000,avain,9-25-0,out,avain,0
Y,00:00:00:000,avain,9-26-0,out,avain,0
Y,00:00:00:000,avain,9-27-0,out,avain,0
Y,00:00:00:000,avain,9-28-0,out,avain,0
Y,00:00:00:000,avain,9-29-0,out,avain,0
Y,00:00:00:000,avain,9-30-0,out,avain,0
Y,00:00:00:000,avain,9-31-0,out,avain,0
Y,00:00:00:000,avain,9-32-0,out,avain,0
Y,00:00:00:000,avain,9-33-0,out,avain,0
Y,00:00:00:000,avain,9-34-0,out,avain,0
Y,00:00:00:000,avain,10-0-0,out,avain,0
Y,00:00:00:000,avain,10-1-0,out,avain,0
Y,00:00:00:000,avain,10-2-0,out,avain,0
Y,00:00:00:000,avain,10-3-0,out,avain,0
Y,00:00:00:000,avain,10-4-0,out,avain,0
Y,00:00:00:000,avain,10-5-0,out,avain,0
Y,00:00:00:000,avain,10-6-0,out,avain,0
Y,00:00:00:000,avain,10-7-0,out,avain,0
Y,00:00:00:000,avain,10-8-0,out,avain,0
Y,00:00:00:000,avain,10-9-0,out,avain,5
Y,00:00:00:000,avain,10-10-0,out,avain,0
Y,00:00:00:000,avain,10-11-0,out,avain,0
Y,00:00:00:000,avain,10-12-0,out,avain,0
Y,00:00:00:000,avain,10-13-0,out,avain,0
Y,00:00:00:000,avain,10-14-0,out,avain,0
Y,00:00:00:000,avain,10-15-0,out,avain,0
Y,00:00:00:000,avain,10-16-0,out,avain,0
Y,00:00:00:000,avain,10-17-0,out,avain,0
Y,00:00:00:000,avain,10-18-0,out,avain,0
Y,00:00:00:000,avain,10-19-0,out,avain,0
Y,00:00:00:000,avain,10-20-0,out,avain,0
Y,00:00:00:000,avain,10-21-0,out,avain,0
Y,00:00:00:000,avain,10-22-0,out,avain,5
Y,00:00:00:000,avain,10-23-0,out,avain,0
Y,00:00:00:000,avain,10-24-0,out,avain,0
Y,00:00:00:000,avain,10-25-0,out,avain,0
Y,00:00:00:000,avain,10-26-0,out,avain,0
Y,00:00:00:000,avain,10-27-0,out,avain,0
Y,00:00:00:000,avain,10-28-0,out,avain,0
Y,00:00:00:000,avain,10-29-0,out,avain,0
Y,00:00:00:000,avain,10-30-0,out,avain,0
Y,00:00:00:000,avain,10-31-0,out,avain,0
Y,00:00:00:000,avain,10-32-0,out,avain,0
Y,00:00:00:000,avain,10-33-0,out,avain,0
Y,00:00:00:000,avain,10-34-0,out,avain,0
Y,00:00:00:000,avain,11-0-0,out,avain,0
Y,00:00:00:000,avain,11-1-0,out,avain,0
Y,00:00:00:000,avain,11-2-0,out,avain,0
Y,00:00:00:000,avain,11-3-0,out,avain,0
Y,00:00:00:000,avain,11-4-0,out,avain,0
Y,00:00:00:000,avain,11-5-0,out,avain,0
Y,00:00:00:000,avain,11-6-0,out,avain,0
Y,00:00:00:000,avain,11-7-0,out,avain,0
Y,00:00:00:000,avain,11-8-0,out,avain,0
Y,00:00:00:000,avain,11-9-0,out,avain,5
Y,00:00:00:000,avain,11-10-0,out,avain,0
Y,00:00:00:000,avain,11-11-0,out,avain,0
Y,00:00:00:000,avain,11-12-0,out,avain,0
Y,00:00:00:000,avain,11-13-0,out,avain,0
Y,00:00:00:000,avain,11-14-0,out,avain,0
Y,00:00:00:000,avain,11-15-0,out,avain,0
Y,00:00:00:000,avain,11-16-0,out,avain,0
Y,00:00:00:000,avain,11-17-0,out,avain,0
Y,00:00:00:000,avain,11-18-0,out,avain,0
Y,00:00:00:000,avain,11-19-0,out,avain,0
Y,00:00:00:000,avain,11-20-0,out,avain,0
Y,00:00:00:000,avain,11-21-0,out,avain,0
Y,00:00:00:000,avain,11-22-0,out,avain,5
Y,00:00:00:000,avain,11-23-0,out,avain,0
Y,00:00:00:000,avain,11-24-0,out,avain,0
Y,00:00:00:000,avain,11-25-0,out,avain,0
Y,00:00:00:000,avain,11-26-0,out,avain,0
Y,00:00:00:000,avain,11-27-0,out,avain,0
Y,00:00:00:000,avain,11-28-0,out,avain,0
Y,00:00:00:000,avain,11-29-0,out,avain,0
Y,00:00:00:000,avain,11-30-0,out,avain,0
Y,00:00:00:000,avain,11-31-0,out,avain,0
Y,00:00:00:000,avain,11-32-0,out,avain,0
Y,00:00:00:000,avain,11-33-0,out,avain,0
Y,00:00:00:000,avain,11-34-0,out,avain,0
Y,00:00:00:000,avain,12-0-0,out,avain,0
Y,00:00:00:000,avain,12-1-0,out,avain,0
Y,00:00:00:000,avain,12-2-0,out,avain,0
Y,00:00:00:000,avain,12-3-0,out,avain,0
Y,00:00:00:000,avain,12-4-0,out,avain,0
Y,00:00:00:000,avain,12-5-0,out,avain,0
Y,00:00:00:000,avain,12-6-0,out,avain,0
Y,00:00:00:000,avain,12-7-0,out,avain,0
Y,00:00:00:000,avain,12-8-0,out,avain,0
Y,00:00:00:000,avain,12-9-0,out,avain,5
Y,00:00:00:000,avain,12-10-0,out,avain,0
Y,00:00:00:000,avain,12-11-0,out,avain,0
Y,00:00:00:000,avain,12-12-0,out,avain,0
Y,00:00:00:000,avain,12-13-0,out,avain,0
Y,00:00:00:000,avain,12-14-0,out,avain,0
Y,00:00:00:000,avain,12-15-0,out,avain,2
Y,00:00:00:000,avain,12-16-0,out,avain,0
Y,00:00:00:000,avain,12-17-0,out,avain,0
Y,00:00:00:000,avain,12-18-0,out,avain,0
Y,00:00:00:000,avain,12-19-0,out,avain,0
Y,00:00:00:000,avain,12-20-0,out,avain,0
Y,00:00:00:000,avain,12-21-0,out,avain,0
Y,00:00:00:000,avain,12-22-0,out,avain,5
Y,00:00:00:000,avain,12-23-0,out,avain,0
Y,00:00:00:000,avain,12-24-0,out,avain,0
Y,00:00:00:000,avain,12-25-0,out,avain,0
Y,00:00:00:000,avain,12-26-0,out,avain,0
Y,00:00:00:000,avain,12-27-0,out,avain,0
Y,00:00:00:000,avain,12-28-0,out,avain,0
Y,00:00:00:000,avain,12-29-0,out,avain,0
Y,00:00:00:000,avain,12-30-0,out,avain,0
Y,00:00:00:000,avain,12-31-0,out,avain,0
Y,00:00:00:000,avain,12-32-0,out,avain,0
Y,00:00:00:000,avain,12-33-0,out,avain,0
Y,00:00:00:000,avain,12-34-0,out,avain,0
Y,00:00:00:000,avain,13-0-0,out,avain,0
Y,00:00:00:000,avain,13-1-0,out,avain,0
Y,00:00:00:000,avain,13-2-0,out,avain,0
Y,00:00:00:000,avain,13-3-0,out,avain,0
Y,00:00:00:000,avain,13-4-0,out,avain,0
Y,00:00:00:000,avain,13-5-0,out,avain,0
Y,00:00:00:000,avain,13-6-0,out,avain,0
Y,00:00:00:000,avain,13-7-0,out,avain,0
Y,00:00:00:000,avain,13-8-0,out,avain,0
Y,00:00:00:000,avain,13-9-0,out,avain,5
Y,00:00:00:000,avain,13-10-0,out,avain,0
Y,00:00:00:000,avain,13-11-0,out,avain,0
Y,00:00:00:000,avain,13-12-0,out,avain,0
Y,00:00:00:000,avain,13-13-0,out,avain,0
Y,00:00:00:000,avain,13-14-0,out,avain,0
Y,00:00:00:000,avain,13-15-0,out,avain,0
Y,00:00:00:000,avain,13-16-0,out,avain,0
Y,00:00:00:000,avain,13-17-0,out,avain,0
Y,00:00:00:000,avain,13-18-0,out,avain,0
Y,00:00:00:000,avain,13-19-0,out,avain,0
Y,00:00:00:000,avain,13-20-0,out,avain,0
Y,00:00:00:000,avain,13-21-0,out,avain,0
Y,00:00:00:000,avain,13-22-0,out,avain,5
Y,00:00:00:000,avain,13-23-0,out,avain,0
Y,00:00:00:000,avain,13-24-0,out,avain,0
Y,00:00:00:000,avain,13-25-0,out,avain,0
Y,00:00:00:000,avain,13-26-0,out,avain,0
Y,00:00:00:000,avain,13-27-0,out,avain,0
Y,00:00:00:000,avain,13-28-0,out,avain,0
Y,00:00:00:000,avain,13-29-0,out,avain,0
Y,00:00:00:000,avain,13-30-0,out,avain,0
Y,00:00:00:000,avain,13-31-0,out,avain,0
Y,00:00:00:000,avain,13-32-0,out,avain,0
Y,00:00:00:000,avain,13-33-0,out,avain,0
Y,00:00:00:000,avain,13-34-0,out,avain,0
Y,00:00:00:000,avain,14-0-0,out,avain,0
Y,00:00:00:000,avain,14-1-0,out,avain,0
Y,00:00:00:000,avain,14-2-0,out,avain,0
Y,00:00:00:000,avain,14-3-0,out,avain,0
Y,00:00:00:000,avain,14-4-0,out,avain,0
Y,00:00:00:000,avain,14-5-0,out,avain,0
Y,00:00:00:000,avain,14-6-0,out,avain,0
Y,00:00:00:000,avain,14-7-0,out,avain,0
Y,00:00:00:000,avain,14-8-0,out,avain,0
Y,00:00:00:000,avain,14-9-0,out,avain,5
Y,00:00:00:000,avain,14-10-0,out,avain,0
Y,00:00:00:000,avain,14-11-0,out,avain,0
Y,00:00:00:000,avain,14-12-0,out,avain,0
Y,00:00:00:000,avain,14-13-0,out,avain,0
Y,00:00:00:000,avain,14-14-0,out,avain,0
Y,00:00:00:000,avain,14-15-0,out,avain,0
Y,00:00:00:000,avain,14-16-0,out,avain,0
Y,00:00:00:000,avain,14-17-0,out,avain,0
Y,00:00:00:000,avain,14-18-0,out,avain,0
Y,00:00:00:000,avain,14-19-0,out,avain,0
Y,00:00:00:000,avain,14-20-0,out,avain,0
Y,00:00:00:000,avain,14-21-0,out,avain,0
Y,00:00:00:000,avain,14-22-0,out,avain,5
Y,00:00:00:000,avain,14-23-0,out,avain,0
Y,00:00:00:000,avain,14-24-0,out,avain,0
Y,00:00:00:000,avain,14-25-0,out,avain,0
Y,00:00:00:000,avain,14-26-0,out,avain,0
Y,00:00:00:000,avain,14-27-0,out,avain,0
Y,00:00:00:000,avain,14-28-0,out,avain,0
Y,00:00:00:000,avain,14-29-0,out,avain,0
Y,00:00:00:000,avain,14-30-0,out,avain,0
Y,00:00:00:000,avain,14-31-0,out,avain,0
Y,00:00:00:000,avain,14-32-0,out,avain,0
Y,00:00:00:000,avain,14-33-0,out,avain,0
Y,00:00:00:000,avain,14-34-0,out,avain,0
Y,00:00:00:000,avain,15-0-0,out,avain,0
Y,00:00:00:000,avain,15-1-0,out,avain,0
Y,00:00:00:000,avain,15-2-0,out,avain,0
Y,00:00:00:000,avain,15-3-0,out,avain,0
Y,00:00:00:000,avain,15-4-0,out,avain,0
Y,00:00:00:000,avain,15-5-0,out,avain,0
Y,00:00:00:000,avain,15-6-0,out,avain,0
Y,00:00:00:000,avain,15-7-0,out,avain,0
Y,00:00:00:000,avain,15-8-0,out,avain,0
Y,00:00:00:000,avain,15-9-0,out,avain,5
Y,00:00:00:000,avain,15-10-0,out,avain,0
Y,00:00:00:000,avain,15-11-0,out,avain,0
Y,00:00:00:000,avain,15-12-0,out,avain,0
Y,00:00:00:000,avain,15-13-0,out,avain,0
Y,00:00:00:000,avain,15-14-0,out,avain,0
Y,00:00:00:000,avain,15-15-0,out,avain,0
Y,00:00:00:000,avain,15-16-0,out,avain,0
Y,00:00:00:000,avain,15-17-0,out,avain,0
Y,00:00:00:000,avain,15-18-0,out,avain,0
Y,00:00:00:000,avain,15-19-0,out,avain,0
Y,00:00:00:000,avain,15-20-0,out,avain,0
Y,00:00:00:000,avain,15-21-0,out,avain,0
Y,00:00:00:000,avain,15-22-0,out,avain,5
Y,00:00:00:000,avain,15-23-0,out,avain,0
Y,00:00:00:000,avain,15-24-0,out,avain,0
Y,00:00:00:000,avain,15-25-0,out,avain,0
Y,00:00:00:000,avain,15-26-0,out,avain,0
Y,00:00:00:000,avain,15-27-0,out,avain,0
Y,00:00:00:000,avain,15-28-0,out,avain,0
Y,00:00:00:000,avain,15-29-0,out,avain,0
Y,00:00:00:000,avain,15-30-0,out,avain,0
Y,00:00:00:000,avain,15-31-0,out,avain,0
Y,00:00:00:000,avain,15-32-0,out,avain,0
Y,00:00:00:000,avain,15-33-0,out,avain,0
Y,00:00:00:000,avain,15-34-0,out,avain,0
Y,00:00:00:000,avain,16-0-0,out,avain,0
Y,00:00:00:000,avain,16-1-0,out,avain,0
Y,00:00:00:000,avain,16-2-0,out,avain,0
Y,00:00:00:000,avain,16-3-0,out,avain,0
Y,00:00:00:000,avain,16-4-0,out,avain,0
Y,00:00:00:000,avain,16-5-0,out,avain,0
Y,00:00:00:000,avain,16-6-0,out,avain,0
Y,00:00:00:000,avain,16-7-0,out,avain,0
Y,00:00:00:000,avain,16-8-0,out,avain,0
Y,00:00:00:000,avain,16-9-0,out,avain,5
Y,00:00:00:000,avain,16-10-0,out,avain,0
Y,00:00:00:000,avain,16-11-0,out,avain,0
Y,00:00:00:000,avain,16-12-0,out,avain,0
Y,00:00:00:000,avain,16-13-0,out,avain,0
Y,00:00:00:000,avain,16-14-0,out,avain,0
Y,00:00:00:000,avain,16-15-0,out,avain,0
Y,00:00:00:000,avain,16-16-0,out,avain,0
Y,00:00:00:000,avain,16-17-0,out,avain,0
Y,00:00:00:000,avain,16-18-0,out,avain,0
Y,00:00:00:000,avain,16-19-0,out,avain,0
Y,00:00:00:000,avain,16-20-0,out,avain,0
Y,00:00:00:000,avain,16-21-0,out,avain,0
Y,00:00:00:000,avain,16-22-0,out,avain,5
Y,00:00:00:000,avain,16-23-0,out,avain,0
Y,00:00:00:000,avain,16-24-0,out,avain,0
Y,00:00:00:000,avain,16-25-0,out,avain,0
Y,00:00:00:000,avain,16-26-0,out,avain,0
Y,00:00:00:000,avain,16-27-0,out,avain,0
Y,00:00:00:000,avain,16-28-0,out,avain,0
Y,00:00:00:000,avain,16-29-0,out,avain,0
Y,00:00:00:000,avain,16-30-0,out,avain,0
Y,00:00:00:000,avain,16-31-0,out,avain,0
Y,00:00:00:000,avain,16-32-0,out,avain,0
Y,00:00:00:000,avain,16-33-0,out,avain,0
Y,00:00:00:000,avain,16-34-0,out,avain,0
Y,00:00:00:000,avain,17-0-0,out,avain,0
Y,00:00:00:000,avain,17-1-0,out,avain,0
Y,00:00:00:000,avain,17-2-0,out,avain,0
Y,00:00:00:000,avain,17-3-0,out,avain,0
Y,00:00:00:000,avain,17-4-0,out,avain,0
Y,00:00:00:000,avain,17-5-0,out,avain,0
Y,00:00:00:000,avain,17-6-0,out,avain,0
Y,00:00:00:000,avain,17-7-0,out,avain,0
Y,00:00:00:000,avain,17-8-0,out,avain,0
Y,00:00:00:000,avain,17-9-0,out,avain,5
Y,00:00:00:000,avain,17-10-0,out,avain,0
Y,00:00:00:000,avain,17-11-0,out,avain,0
Y,00:00:00:000,avain,17-12-0,out,avain,0
Y,00:00:00:000,avain,17-13-0,out,avain,0
Y,00:00:00:000,avain,17-14-0,out,avain,0
Y,00:00:00:000,avain,17-15-0,out,avain,0
Y,00:00:00:000,avain,17-16-0,out,avain,0
Y,00:00:00:000,avain,17-17-0,out,avain,0
Y,00:00:00:000,avain,17-18-0,out,avain,0
Y,00:00:00:000,avain,17-19-0,out,avain,0
Y,00:00:00:000,avain,17-20-0,out,avain,0
Y,00:00:00:000,avain,17-21-0,out,avain,0
Y,00:00:00:000,avain,17-22-0,out,avain,5
Y,00:00:00:000,avain,17-23-0,out,avain,0
Y,00:00:00:000,avain,17-24-0,out,avain,0
Y,00:00:00:000,avain,17-25-0,out,avain,0
Y,00:00:00:000,avain,17-26-0,out,avain,0
Y,00:00:00:000,avain,17-27-0,out,avain,0
Y,00:00:00:000,avain,17-28-0,out,avain,0
Y,00:00:00:000,avain,17-29-0,out,avain,0
Y,00:00:00:000,avain,17-30-0,out,avain,0
Y,00:00:00:000,avain,17-31-0,out,avain,0
Y,00:00:00:000,avain,17-32-0,out,avain,0
Y,00:00:00:000,avain,17-33-0,out,avain,0
Y,00:00:00:000,avain,17-34-0,out,avain,0
Y,00:00:00:000,avain,18-0-0,out,avain,0
Y,00:00:00:000,avain,18-1-0,out,avain,0
Y,00:00:00:000,avain,18-2-0,out,avain,0
Y,00:00:00:000,avain,18-3-0,out,avain,0
Y,00:00:00:000,avain,18-4-0,out,avain,0
Y,00:00:00:000,avain,18-5-0,out,avain,5
Y,00:00:00:000,avain,18-6-0,out,avain,5
Y,00:00:00:000,avain,18-7-0,out,avain,5
Y,00:00:00:000,avain,18-8-0,out,avain,5
Y,00:00:00:000,avain,18-9-0,out,avain,5
Y,00:00:00:000,avain,18-10-0,out,avain,5
Y,00:00:00:000,avain,18-11-0,out,avain,5
Y,00:00:00:000,avain,18-12-0,out,avain,0
Y,00:00:00:000,avain,18-13-0,out,avain,0
Y,00:00:00:000,avain,18-14-0,out,avain,0
Y,00:00:00:000,avain,18-15-0,out,avain,0
Y,00:00:00:000,avain,18-16-0,out,avain,0
Y,00:00:00:000,avain,18-17-0,out,avain,0
Y,00:00:00:000,avain,18-18-0,out,avain,0
Y,00:00:00:000,avain,18-19-0,out,avain,0
Y,00:00:00:000,avain,18-20-0,out,avain,0
Y,00:00:00:000,avain,18-21-0,out,avain,0
Y,00:00:00:000,avain,18-22-0,out,avain,5
Y,00:00:00:000,avain,18-23-0,out,avain,5
Y,00:00:00:000,avain,18-24-0,out,avain,5
Y,00:00:00:000,avain,18-25-0,out,avain,5
Y,00:00:00:000,avain,18-26-0,out,avain,5
Y,00:00:00:000,avain,18-27-0,out,avain,5
Y,00:00:00:000,avain,18-28-0,out,avain,5
Y,00:00:00:000,avain,18-29-0,out,avain,5
Y,00:00:00:000,avain,18-30-0,out,avain,5
Y,00:00:00:000,avain,18-31-0,out,avain,5
Y,00:00:00:000,avain,18-32-0,out,avain,0
Y,00:00:00:000,avain,18-33-0,out,avain,0
Y,00:00:00:000,avain,18-34-0,out,avain,0
Y,00:00:00:000,avain,19-0-0,out,avain,0
Y,00:00:00:000,avain,19-1-0,out,avain,0
Y,00:00:00:000,avain,19-2-0,out,avain,0
Y,00:00:00:000,avain,19-3-0,out,avain,0
Y,00:00:00:000,avain,19-4-0,out,avain,0
Y,00:00:00:000,avain,19-5-0,out,avain,5
Y,00:00:00:000,avain,19-6-0,out,avain,0
Y,00:00:00:000,avain,19-7-0,out,avain,0
Y,00:00:00:000,avain,19-8-0,out,avain,0
Y,00:00:00:000,avain,19-9-0,out,avain,0
Y,00:00:00:000,avain,19-10-0,out,avain,0
Y,00:00:00:000,avain,19-11-0,out,avain,0
Y,00:00:00:000,avain,19-12-0,out,avain,0
Y,00:00:00:000,avain,19-13-0,out,avain,0
Y,00:00:00:000,avain,19-14-0,out,avain,0
Y,00:00:00:000,avain,19-15-0,out,avain,0
Y,00:00:00:000,avain,19-16-0,out,avain,0
Y,00:00:00:000,avain,19-17-0,out,avain,0
Y,00:00:00:000,avain,19-18-0,out,avain,0
Y,00:00:00:000,avain,19-19-0,out,avain,0
Y,00:00:00:000,avain,19-20-0,out,avain,0
Y,00:00:00:000,avain,19-21-0,out,avain,0
Y,00:00:00:000,avain,19-22-0,out,avain,0
Y,00:00:00:000,avain,19-23-0,out,avain,0
Y,00:00:00:000,avain,19-24-0,out,avain,0
Y,00:00:00:000,avain,19-25-0,out,avain,0
Y,00:00:00:000,avain,19-26-0,out,avain,0
Y,00:00:00:000,avain,19-27-0,out,avain,0
Y,00:00:00:000,avain,19-28-0,out,avain,0
Y,00:00:00:000,avain,19-29-0,out,avain,0
Y,00:00:00:000,avain,19-30-0,out,avain,0
Y,00:00:00:000,avain,19-31-0,out,avain,5
Y,00:00:00:000,avain,19-32-0,out,avain,0
Y,00:00:00:000,avain,19-33-0,out,avain,0
Y,00:00:00:000,avain,19-34-0,out,avain,0
Y,00:00:00:000,avain,20-0-0,out,avain,0
Y,00:00:00:000,avain,20-1-0,out,avain,0
Y,00:00:00:000,avain,20-2-0,out,avain,0
Y,00:00:00:000,avain,20-3-0,out,avain,0
Y,00:00:00:000,avain,20-4-0,out,avain,0
Y,00:00:00:000,avain,20-5-0,out,avain,5
Y,00:00:00:000,avain,20-6-0,out,avain,0
Y,00:00:00:000,avain,20-7-0,out,avain,0
Y,00:00:00:000,avain,20-8-0,out,avain,0
Y,00:00:00:000,avain,20-9-0,out,avain,0
Y,00:00:00:000,avain,20-10-0,out,avain,0
Y,00:00:00:000,avain,20-11-0,out,avain,0
Y,00:00:00:000,avain,20-12-0,out,avain,0
Y,00:00:00:000,avain,20-13-0,out,avain,0
Y,00:00:00:000,avain,20-14-0,out,avain,0
Y,00:00:00:000,avain,20-15-0,out,avain,5
Y,00:00:00:000,avain,20-16-0,out,avain,5
Y,00:00:00:000,avain,20-17-0,out,avain,5
Y,00:00:00:000,avain,20-18-0,out,avain,5
Y,00:00:00:000,avain,20-19-0,out,avain,5
Y,00:00:00:000,avain,20-20-0,out,avain,0
Y,00:00:00:000,avain,20-21-0,out,avain,0
Y,00:00:00:000,avain,20-22-0,out,avain,0
Y,00:00:00:000,avain,20-23-0,out,avain,0
Y,00:00:00:000,avain,20-24-0,out,avain,0
Y,00:00:00:000,avain,20-25-0,out,avain,0
Y,00:00:00:000,avain,20-26-0,out,avain,0
Y,00:00:00:000,avain,20-27-0,out,avain,0
Y,00:00:00:000,avain,20-28-0,out,avain,0
Y,00:00:00:000,avain,20-29-0,out,avain,0
Y,00:00:00:000,avain,20-30-0,out,avain,0
Y,00:00:00:000,avain,20-31-0,out,avain,5
Y,00:00:00:000,avain,20-32-0,out,avain,0
Y,00:00:00:000,avain,20-33-0,out,avain,0
Y,00:00:00:000,avain,20-34-0,out,avain,0
Y,00:00:00:000,avain,21-0-0,out,avain,0
Y,00:00:00:000,avain,21-1-0,out,avain,0
Y,00:00:00:000,avain,21-2-0,out,avain,0
Y,00:00:00:000,avain,21-3-0,out,avain,0
Y,00:00:00:000,avain,21-4-0,out,avain,0
Y,00:00:00:000,avain,21-5-0,out,avain,5
Y,00:00:00:000,avain,21-6-0,out,avain,0
Y,00:00:00:000,avain,21-7-0,out,avain,0
Y,00:00:00:000,avain,21-8-0,out,avain,0
Y,00:00:00:000,avain,21-9-0,out,avain,0
Y,00:00:00:000,avain,21-10-0,out,avain,0
Y,00:00:00:000,avain,21-11-0,out,avain,0
Y,00:00:00:000,avain,21-12-0,out,avain,0
Y,00:00:00:000,avain,21-13-0,out,avain,0
Y,00:00:00:000,avain,21-14-0,out,avain,0
Y,00:00:00:000,avain,21-15-0,out,avain,5
Y,00:00:00:000,avain,21-16-0,out,avain,0
Y,00:00:00:000,avain,21-17-0,out,avain,0
Y,00:00:00:000,avain,21-18-0,out,avain,0
Y,00:00:00:000,avain,21-19-0,out,avain,5
Y,00:00:00:000,avain,21-20-0,out,avain,5
Y,00:00:00:000,avain,21-21-0,out,avain,5
Y,00:00:00:000,avain,21-22-0,out,avain,5
Y,00:00:00:000,avain,21-23-0,out,avain,5
Y,00:00:00:000,avain,21-24-0,out,avain,5
Y,00:00:00:000,avain,21-25-0,out,avain,5
Y,00:00:00:000,avain,21-26-0,out,avain,5
Y,00:00:00:000,avain,21-27-0,out,avain,5
Y,00:00:00:000,avain,21-28-0,out,avain,5
Y,00:00:00:000,avain,21-29-0,out,avain,5
Y,00:00:00:000,avain,21-30-0,out,avain,0
Y,00:00:00:000,avain,21-31-0,out,avain,5
Y,00:00:00:000,avain,21-32-0,out,avain,0
Y,00:00:00:000,avain,21-33-0,out,avain,0
Y,00:00:00:000,avain,21-34-0,out,avain,0
Y,00:00:00:000,avain,22-0-0,out,avain,0
Y,00:00:00:000,avain,22-1-0,out,avain,0
Y,00:00:00:000,avain,22-2-0,out,avain,0
Y,00:00:00:000,avain,22-3-0,out,avain,0
Y,00:00:00:000,avain,22-4-0,out,avain,0
Y,00:00:00:000,avain,22-5-0,out,avain,5
Y,00:00:00:000,avain,22-6-0,out,avain,0
Y,00:00:00:000,avain,22-7-0,out,avain,0
Y,00:00:00:000,avain,22-8-0,out,avain,0
Y,00:00:00:000,avain,22-9-0,out,avain,0
Y,00:00:00:000,avain,22-10-0,out,avain,0
Y,00:00:00:000,avain,22-11-0,out,avain,0
Y,00:00:00:000,avain,22-12-0,out,avain,0
Y,00:00:00:000,avain,22-13-0,out,avain,0
Y,00:00:00:000,avain,22-14-0,out,avain,0
Y,00:00:00:000,avain,22-15-0,out,avain,5
Y,00:00:00:000,avain,22-16-0,out,avain,0
Y,00:00:00:000,avain,22-17-0,out,avain,0
Y,00:00:00:000,avain,22-18-0,out,avain,0
Y,00:00:00:000,avain,22-19-0,out,avain,0
Y,00:00:00:000,avain,22-20-0,out,avain,0
Y,00:00:00:000,avain,22-21-0,out,avain,0
Y,00:00:00:000,avain,22-22-0,out,avain,0
Y,00:00:00:000,avain,22-23-0,out,avain,0
Y,00:00:00:000,avain,22-24-0,out,avain,0
Y,00:00:00:000,avain,22-25-0,out,avain,0
Y,00:00:00:000,avain,22-26-0,out,avain,0
Y,00:00:00:000,avain,22-27-0,out,avain,0
Y,00:00:00:000,avain,22-28-0,out,avain,0
Y,00:00:00:000,avain,22-29-0,out,avain,0
Y,00:00:00:000,avain,22-30-0,out,avain,0
Y,00:00:00:000,avain,22-31-0,out,avain,5
Y,00:00:00:000,avain,22-32-0,out,avain,0
Y,00:00:00:000,avain,22-33-0,out,avain,0
Y,00:00:00:000,avain,22-34-0,out,avain,0
Y,00:00:00:000,avain,23-0-0,out,avain,0
Y,00:00:00:000,avain,23-1-0,out,avain,0
Y,00:00:00:000,avain,23-2-0,out,avain,0
Y,00:00:00:000,avain,23-3-0,out,avain,0
Y,00:00:00:000,avain,23-4-0,out,avain,0
Y,00:00:00:000,avain,23-5-0,out,avain,5
Y,00:00:00:000,avain,23-6-0,out,avain,0
Y,00:00:00:000,avain,23-7-0,out,avain,0
Y,00:00:00:000,avain,23-8-0,out,avain,0
Y,00:00:00:000,avain,23-9-0,out,avain,0
Y,00:00:00:000,avain,23-10-0,out,avain,0
Y,00:00:00:000,avain,23-11-0,out,avain,0
Y,00:00:00:000,avain,23-12-0,out,avain,0
Y,00:00:00:000,avain,23-13-0,out,avain,0
Y,00:00:00:000,avain,23-14-0,out,avain,0
Y,00:00:00:000,avain,23-15-0,out,avain,5
Y,00:00:00:000,avain,23-16-0,out,avain,0
Y,00:00:00:000,avain,23-17-0,out,avain,0
Y,00:00:00:000,avain,23-18-0,out,avain,0
Y,00:00:00:000,avain,23-19-0,out,avain,0
Y,00:00:00:000,avain,23-20-0,out,avain,0
Y,00:00:00:000,avain,23-21-0,out,avain,0
Y,00:00:00:000,avain,23-22-0,out,avain,0
Y,00:00:00:000,avain,23-23-0,out,avain,0
Y,00:00:00:000,avain,23-24-0,out,avain,0
Y,00:00:00:000,avain,23-25-0,out,avain,0
Y,00:00:00:000,avain,23-26-0,out,avain,0
Y,00:00:00:000,avain,23-27-0,out,avain,0
Y,00:00:00:000,avain,23-28-0,out,avain,0
Y,00:00:00:000,avain,23-29-0,out,avain,0
Y,00:00:00:000,avain,23-30-0,out,avain,0
Y,00:00:00:000,avain,23-31-0,out,avain,5
Y,00:00:00:000,avain,23-32-0,out,avain,0
Y,00:00:00:000,avain,23-33-0,out,avain,0
Y,00:00:00:000,avain,23-34-0,out,avain,0
Y,00:00:00:000,avain,24-0-0,out,avain,0
Y,00:00:00:000,avain,24-1-0,out,avain,0
Y,00:00:00:000,avain,24-2-0,out,avain,0
Y,00:00:00:000,avain,24-3-0,out,avain,0
Y,00:00:00:000,avain,24-4-0,out,avain,0
Y,00:00:00:000,avain,24-5-0,out,avain,5
Y,00:00:00:000,avain,24-6-0,out,avain,0
Y,00:00:00:000,avain,24-7-0,out,avain,0
Y,00:00:00:000,avain,24-8-0,out,avain,0
Y,00:00:00:000,avain,24-9-0,out,avain,0
Y,00:00:00:000,avain,24-10-0,out,avain,0
Y,00:00:00:000,avain,24-11-0,out,avain,0
Y,00:00:00:000,avain,24-12-0,out,avain,0
Y,00:00:00:000,avain,24-13-0,out,avain,0
Y,00:00:00:000,avain,24-14-0,out,avain,0
Y,00:00:00:000,avain,24-15-0,out,avain,5
Y,00:00:00:000,avain,24-16-0,out,avain,0
Y,00:00:00:000,avain,24-17-0,out,avain,0
Y,00:00:00:000,avain,24-18-0,out,avain,0
Y,00:00:00:000,avain,24-19-0,out,avain,0
Y,00:00:00:000,avain,24-20-0,out,avain,0
Y,00:00:00:000,avain,24-21-0,out,avain,0
Y,00:00:00:000,avain,24-22-0,out,avain,0
Y,00:00:00:000,avain,24-23-0,out,avain,0
Y,00:00:00:000,avain,24-24-0,out,avain,0
Y,00:00:00:000,avain,24-25-0,out,avain,0
Y,00:00:00:000,avain,24-26-0,out,avain,0
Y,00:00:00:000,avain,24-27-0,out,avain,0
Y,00:00:00:000,avain,24-28-0,out,avain,0
Y,00:00:00:000,avain,24-29-0,out,avain,0
Y,00:00:00:000,avain,24-30-0,out,avain,0
Y,00:00:00:000,avain,24-31-0,out,avain,5
Y,00:00:00:000,avain,24-32-0,out,avain,0
Y,00:00:00:000,avain,24-33-0,out,avain,0
Y,00:00:00:000,avain,24-34-0,out,avain,0
Y,00:00:00:000,avain,25-0-0,out,avain,0
Y,00:00:00:000,avain,25-1-0,out,avain,0
Y,00:00:00:000,avain,25-2-0,out,avain,0
Y,00:00:00:000,avain,25-3-0,out,avain,0
Y,00:00:00:000,avain,25-4-0,out,avain,0
Y,00:00:00:000,avain,25-5-0,out,avain,5
Y,00:00:00:000,avain,25-6-0,out,avain,0
Y,00:00:00:000,avain,25-7-0,out,avain,0
Y,00:00:00:000,avain,25-8-0,out,avain,0
Y,00:00:00:000,avain,25-9-0,out,avain,0
Y,00:00:00:000,avain,25-10-0,out,avain,0
Y,00:00:00:000,avain,25-11-0,out,avain,0
Y,00:00:00:000,avain,25-12-0,out,avain,0
Y,00:00:00:000,avain,25-13-0,out,avain,0
Y,00:00:00:000,avain,25-14-0,out,avain,0
Y,00:00:00:000,avain,25-15-0,out,avain,5
Y,00:00:00:000,avain,25-16-0,out,avain,0
Y,00:00:00:000,avain,25-17-0,out,avain,0
Y,00:00:00:000,avain,25-18-0,out,avain,0
Y,00:00:00:000,avain,25-19-0,out,avain,0
Y,00:00:00:000,avain,25-20-0,out,avain,0
Y,00:00:00:000,avain,25-21-0,out,avain,0
Y,00:00:00:000,avain,25-22-0,out,avain,0
Y,00:00:00:000,avain,25-23-0,out,avain,0
Y,00:00:00:000,avain,25-24-0,out,avain,0
Y,00:00:00:000,avain,25-25-0,out,avain,0
Y,00:00:00:000,avain,25-26-0,out,avain,0
Y,00:00:00:000,avain,25-27-0,out,avain,0
Y,00:00:00:000,avain,25-28-0,out,avain,0
Y,00:00:00:000,avain,25-29-0,out,avain,0
Y,00:00:00:000,avain,25-30-0,out,avain,0
Y,00:00:00:000,avain,25-31-0,out,avain,5
Y,00:00:00:000,avain,25-32-0,out,avain,0
Y,00:00:00:000,avain,25-33-0,out,avain,0
Y,00:00:00:000,avain,25-34-0,out,avain,0
Y,00:00:00:000,avain,26-0-0,out,avain,0
Y,00:00:00:000,avain,26-1-0,out,avain,0
Y,00:00:00:000,avain,26-2-0,out,avain,0
Y,00:00:00:000,avain,26-3-0,out,avain,0
Y,00:00:00:000,avain,26-4-0,out,avain,0
Y,00:00:00:000,avain,26-5-0,out,avain,5
Y,00:00:00:000,avain,26-6-0,out,avain,0
Y,00:00:00:000,avain,26-7-0,out,avain,0
Y,00:00:00:000,avain,26-8-0,out,avain,0
Y,00:00:00:000,avain,26-9-0,out,avain,0
Y,00:00:00:000,avain,26-10-0,out,avain,0
Y,00:00:00:000,avain,26-11-0,out,avain,0
Y,00:00:00:000,avain,26-12-0,out,avain,0
Y,00:00:00:000,avain,26-13-0,out,avain,0
Y,00:00:00:000,avain,26-14-0,out,avain,0
Y,00:00:00:000,avain,26-15-0,out,avain,5
Y,00:00:00:000,avain,26-16-0,out,avain,0
Y,00:00:00:000,avain,26-17-0,out,avain,0
Y,00:00:00:000,avain,26-18-0,out,avain,0
Y,00:00:00:000,avain,26-19-0,out,avain,0
Y,00:00:00:000,avain,26-20-0,out,avain,0
Y,00:00:00:000,avain,26-21-0,out,avain,2
Y,00:00:00:000,avain,26-22-0,out,avain,0
Y,00:00:00:000,avain,26-23-0,out,avain,0
Y,00:00:00:000,avain,26-24-0,out,avain,0
Y,00:00:00:000,avain,26-25-0,out,avain,0
Y,00:00:00:000,avain,26-26-0,out,avain,0
Y,00:00:00:000,avain,26-27-0,out,avain,0
Y,00:00:00:000,avain,26-28-0,out,avain,0
Y,00:00:00:000,avain,26-29-0,out,avain,0
Y,00:00:00:000,avain,26-30-0,out,avain,0
Y,00:00:00:000,avain,26-31-0,out,avain,5
Y,00:00:00:000,avain,26-32-0,out,avain,0
Y,00:00:00:000,avain,26-33-0,out,avain,0
Y,00:00:00:000,avain,26-34-0,out,avain,0
Y,00:00:00:000,avain,27-0-0,out,avain,0
Y,00:00:00:000,avain,27-1-0,out,avain,0
Y,00:00:00:000,avain,27-2-0,out,avain,0
Y,00:00:00:000,avain,27-3-0,out,avain,0
Y,00:00:00:000,avain,27-4-0,out,avain,0
Y,00:00:00:000,avain,27-5-0,out,avain,5
Y,00:00:00:000,avain,27-6-0,out,avain,0
Y,00:00:00:000,avain,27-7-0,out,avain,0
Y,00:00:00:000,avain,27-8-0,out,avain,0
Y,00:00:00:000,avain,27-9-0,out,avain,0
Y,00:00:00:000,avain,27-10-0,out,avain,0
Y,00:00:00:000,avain,27-11-0,out,avain,0
Y,00:00:00:000,avain,27-12-0,out,avain,0
Y,00:00:00:000,avain,27-13-0,out,avain,0
Y,00:00:00:000,avain,27-14-0,out,avain,0
Y,00:00:00:000,avain,27-15-0,out,avain,5
Y,00:00:00:000,avain,27-16-0,out,avain,0
Y,00:00:00:000,avain,27-17-0,out,avain,0
Y,00:00:00:000,avain,27-18-0,out,avain,0
Y,00:00:00:000,avain,27-19-0,out,avain,0
Y,00:00:00:000,avain,27-20-0,out,avain,0
Y,00:00:00:000,avain,27-21-0,out,avain,0
Y,00:00:00:000,avain,27-22-0,out,avain,0
Y,00:00:00:000,avain,27-23-0,out,avain,0
Y,00:00:00:000,avain,27-24-0,out,avain,0
Y,00:00:00:000,avain,27-25-0,out,avain,0
Y,00:00:00:000,avain,27-26-0,out,avain,0
Y,00:00:00:000,avain,27-27-0,out,avain,0
Y,00:00:00:000,avain,27-28-0,out,avain,0
Y,00:00:00:000,avain,27-29-0,out,avain,0
Y,00:00:00:000,avain,27-30-0,out,avain,0
Y,00:00:00:000,avain,27-31-0,out,avain,5
Y,00:00:00:000,avain,27-32-0,out,avain,0
Y,00:00:00:000,avain,27-33-0,out,avain,0
Y,00:00:00:000,avain,27-34-0,out,avain,0
Y,00:00:00:000,avain,28-0-0,out,avain,0
Y,00:00:00:000,avain,28-1-0,out,avain,0
Y,00:00:00:000,avain,28-2-0,out,avain,0
Y,00:00:00:000,avain,28-3-0,out,avain,0
Y,00:00:00:000,avain,28-4-0,out,avain,0
Y,00:00:00:000,avain,28-5-0,out,avain,5
Y,00:00:00:000,avain,28-6-0,out,avain,0
Y,00:00:00:000,avain,28-7-0,out,avain,0
Y,00:00:00:000,avain,28-8-0,out,avain,0
Y,00:00:00:000,avain,28-9-0,out,avain,0
Y,00:00:00:000,avain,28-10-0,out,avain,0
Y,00:00:00:000,avain,28-11-0,out,avain,0
Y,00:00:00:000,avain,28-12-0,out,avain,0
Y,00:00:00:000,avain,28-13-0,out,avain,0
Y,00:00:00:000,avain,28-14-0,out,avain,0
Y,00:00:00:000,avain,28-15-0,out,avain,5
Y,00:00:00:000,avain,28-16-0,out,avain,0
Y,00:00:00:000,avain,28-17-0,out,avain,0
Y,00:00:00:000,avain,28-18-0,out,avain,0
Y,00:00:00:000,avain,28-19-0,out,avain,0
Y,00:00:00:000,avain,28-20-0,out,avain,0
Y,00:00:00:000,avain,28-21-0,out,avain,0
Y,00:00:00:000,avain,28-22-0,out,avain,0
Y,00:00:00:000,avain,28-23-0,out,avain,0
Y,00:00:00:000,avain,28-24-0,out,avain,0
Y,00:00:00:000,avain,28-25-0,out,avain,0
Y,00:00:00:000,avain,28-26-0,out,avain,0
Y,00:00:00:000,avain,28-27-0,out,avain,0
Y,00:00:00:000,avain,28-28-0,out,avain,0
Y,00:00:00:000,avain,28-29-0,out,avain,0
Y,00:00:00:000,avain,28-30-0,out,avain,0
Y,00:00:00:000,avain,28-31-0,out,avain,5
Y,00:00:00:000,avain,28-32-0,out,avain,0
Y,00:00:00:000,avain,28-33-0,out,avain,0
Y,00:00:00:000,avain,28-34-0,out,avain,0
Y,00:00:00:000,avain,29-0-0,out,avain,0
Y,00:00:00:000,avain,29-1-0,out,avain,0
Y,00:00:00:000,avain,29-2-0,out,avain,0
Y,00:00:00:000,avain,29-3-0,out,avain,0
Y,00:00:00:000,avain,29-4-0,out,avain,0
Y,00:00:00:000,avain,29-5-0,out,avain,5
Y,00:00:00:000,avain,29-6-0,out,avain,0
Y,00:00:00:000,avain,29-7-0,out,avain,0
Y,00:00:00:000,avain,29-8-0,out,avain,0
Y,00:00:00:000,avain,29-9-0,out,avain,0
Y,00:00:00:000,avain,29-10-0,out,avain,0
Y,00:00:00:000,avain,29-11-0,out,avain,0
Y,00:00:00:000,avain,29-12-0,out,avain,0
Y,00:00:00:000,avain,29-13-0,out,avain,0
Y,00:00:00:000,avain,29-14-0,out,avain,0
Y,00:00:00:000,avain,29-15-0,out,avain,5
Y,00:00:00:000,avain,29-16-0,out,avain,0
Y,00:00:00:000,avain,29-17-0,out,avain,0
Y,00:00:00:000,avain,29-18-0,out,avain,0
Y,00:00:00:000,avain,29-19-0,out,avain,0
Y,00:00:00:000,avain,29-20-0,out,avain,0
Y,00:00:00:000,avain,29-21-0,out,avain,0
Y,00:00:00:000,avain,29-22-0,out,avain,0
Y,00:00:00:000,avain,29-23-0,out,avain,0
Y,00:00:00:000,avain,29-24-0,out,avain,0
Y,00:00:00:000,avain,29-25-0,out,avain,0
Y,00:00:00:000,avain,29-26-0,out,avain,0
Y,00:00:00:000,avain,29-27-0,out,avain,0
Y,00:00:00:000,avain,29-28-0,out,avain,0
Y,00:00:00:000,avain,29-29-0,out,avain,0
Y,00:00:00:000,avain,29-30-0,out,avain,0
Y,00:00:00:000,avain,29-31-0,out,avain,5
Y,00:00:00:000,avain,29-32-0,out,avain,0
Y,00:00:00:000,avain,29-33-0,out,avain,0
Y,00:00:00:000,avain,29-34-0,out,avain,0
Y,00:00:00:000,avain,30-0-0,out,avain,0
Y,00:00:00:000,avain,30-1-0,out,avain,0
Y,00:00:00:000,avain,30-2-0,out,avain,0
Y,00:00:00:000,avain,30-3-0,out,avain,0
Y,00:00:00:000,avain,30-4-0,out,avain,0
Y,00:00:00:000,avain,30-5-0,out,avain,5
Y,00:00:00:000,avain,30-6-0,out,avain,5
Y,00:00:00:000,avain,30-7-0,out,avain,5
Y,00:00:00:000,avain,30-8-0,out,avain,5
Y,00:00:00:000,avain,30-9-0,out,avain,5
Y,00:00:00:000,avain,30-10-0,out,avain,5
Y,00:00:00:000,avain,30-11-0,out,avain,5
Y,00:00:00:000,avain,30-12-0,out,avain,5
Y,00:00:00:000,avain,30-13-0,out,avain,5
Y,00:00:00:000,avain,30-14-0,out,avain,5
Y,00:00:00:000,avain,30-15-0,out,avain,5
Y,00:00:00:000,avain,30-16-0,out,avain,0
Y,00:00:00:000,avain,30-17-0,out,avain,0
Y,00:00:00:000,avain,30-18-0,out,avain,0
Y,00:00:00:000,avain,30-19-0,out,avain,0
Y,00:00:00:000,avain,30-20-0,out,avain,0
Y,00:00:00:000,avain,30-21-0,out,avain,0
Y,00:00:00:000,avain,30-22-0,out,avain,0
Y,00:00:00:000,avain,30-23-0,out,avain,0
Y,00:00:00:000,avain,30-24-0,out,avain,0
Y,00:00:00:000,avain,30-25-0,out,avain,0
Y,00:00:00:000,avain,30-26-0,out,avain,0
Y,00:00:00:000,avain,30-27-0,out,avain,0
Y,00:00:00:000,avain,30-28-0,out,avain,0
Y,00:00:00:000,avain,30-29-0,out,avain,0
Y,00:00:00:000,avain,30-30-0,out,avain,0
Y,00:00:00:000,avain,30-31-0,out,avain,5
Y,00:00:00:000,avain,30-32-0,out,avain,0
Y,00:00:00:000,avain,30-33-0,out,avain,0
Y,00:00:00:000,avain,30-34-0,out,avain,0
Y,00:00:00:000,avain,31-0-0,out,avain,0
Y,00:00:00:000,avain,31-1-0,out,avain,0
Y,00:00:00:000,avain,31-2-0,out,avain,0
Y,00:00:00:000,avain,31-3-0,out,avain,0
Y,00:00:00:000,avain,31-4-0,out,avain,0
Y,00:00:00:000,avain,31-5-0,out,avain,0
Y,00:00:00:000,avain,31-6-0,out,avain,0
Y,00:00:00:000,avain,31-7-0,out,avain,0
Y,00:00:00:000,avain,31-8-0,out,avain,0
Y,00:00:00:000,avain,31-9-0,out,avain,0
Y,00:00:00:000,avain,31-10-0,out,avain,0
Y,00:00:00:000,avain,31-11-0,out,avain,0
Y,00:00:00:000,avain,31-12-0,out,avain,0
Y,00:00:00:000,avain,31-13-0,out,avain,0
Y,00:00:00:000,avain,31-14-0,out,avain,0
Y,00:00:00:000,avain,31-15-0,out,avain,5
Y,00:00:00:000,avain,31-16-0,out,avain,5
Y,00:00:00:000,avain,31-17-0,out,avain,5
Y,00:00:00:000,avain,31-18-0,out,avain,5
Y,00:00:00:000,avain,31-19-0,out,avain,5
Y,00:00:00:000,avain,31-20-0,out,avain,5
Y,00:00:00:000,avain,31-21-0,out,avain,5
Y,00:00:00:000,avain,31-22-0,out,avain,5
Y,00:00:00:000,avain,31-23-0,out,avain,5
Y,00:00:00:000,avain,31-24-0,out,avain,5
Y,00:00:00:000,avain,31-25-0,out,avain,5
Y,00:00:00:000,avain,31-26-0,out,avain,5
Y,00:00:00:000,avain,31-27-0,out,avain,5
Y,00:00:00:000,avain,31-28-0,out,avain,5
Y,00:00:00:000,avain,31-29-0,out,avain,5
Y,00:00:00:000,avain,31-30-0,out,avain,5
Y,00:00:00:000,avain,31-31-0,out,avain,5
Y,00:00:00:000,avain,31-32-0,out,avain,5
Y,00:00:00:000,avain,31-33-0,out,avain,5
Y,00:00:00:000,avain,31-34-0,out,avain,0
Y,00:00:00:000,avain,32-0-0,out,avain,0
Y,00:00:00:000,avain,32-1-0,out,avain,0
Y,00:00:00:000,avain,32-2-0,out,avain,0
Y,00:00:00:000,avain,32-3-0,out,avain,0
Y,00:00:00:000,avain,32-4-0,out,avain,0
Y,00:00:00:000,avain,32-5-0,out,avain,0
Y,00:00:00:000,avain,32-6-0,out,avain,0
Y,00:00:00:000,avain,32-7-0,out,avain,0
Y,00:00:00:000,avain,32-8-0,out,avain,0
Y,00:00:00:000,avain,32-9-0,out,avain,0
Y,00:00:00:000,avain,32-10-0,out,avain,0
Y,00:00:00:000,avain,32-11-0,out,avain,0
Y,00:00:00:000,avain,32-12-0,out,avain,0
Y,00:00:00:000,avain,32-13-0,out,avain,0
Y,00:00:00:000,avain,32-14-0,out,avain,0
Y,00:00:00:000,avain,32-15-0,out,avain,0
Y,00:00:00:000,avain,32-16-0,out,avain,0
Y,00:00:00:000,avain,32-17-0,out,avain,0
Y,00:00:00:000,avain,32-18-0,out,avain,0
Y,00:00:00:000,avain,32-19-0,out,avain,0
Y,00:00:00:000,avain,32-20-0,out,avain,0
Y,00:00:00:000,avain,32-21-0,out,avain,0
Y,00:00:00:000,avain,32-22-0,out,avain,0
Y,00:00:00:000,avain,32-23-0,out,avain,0
Y,00:00:00:000,avain,32-24-0,out,avain,0
Y,00:00:00:000,avain,32-25-0,out,avain,0
Y,00:00:00:000,avain,32-26-0,out,avain,0
Y,00:00:00:000,avain,32-27-0,out,avain,0
Y,00:00:00:000,avain,32-28-0,out,avain,0
Y,00:00:00:000,avain,32-29-0,out,avain,0
Y,00:00:00:000,avain,32-30-0,out,avain,0
Y,00:00:00:000,avain,32-31-0,out,avain,5
Y,00:00:00:000,avain,32-32-0,out,avain,0
Y,00:00:00:000,avain,32-33-0,out,avain,0
Y,00:00:00:000,avain,32-34-0,out,avain,0
Y,00:00:00:000,avain,33-0-0,out,avain,0
Y,00:00:00:000,avain,33-1-0,out,avain,0
Y,00:00:00:000,avain,33-2-0,out,avain,0
Y,00:00:00:000,avain,33-3-0,out,avain,0
Y,00:00:00:000,avain,33-4-0,out,avain,0
Y,00:00:00:000,avain,33-5-0,out,avain,0
Y,00:00:00:000,avain,33-6-0,out,avain,0
Y,00:00:00:000,avain,33-7-0,out,avain,0
Y,00:00:00:000,avain,33-8-0,out,avain,0
Y,00:00:00:000,avain,33-9-0,out,avain,0
Y,00:00:00:000,avain,33-10-0,out,avain,0
Y,00:00:00:000,avain,33-11-0,out,avain,0
Y,00:00:00:000,avain,33-12-0,out,avain,0
Y,00:00:00:000,avain,33-13-0,out,avain,0
Y,00:00:00:000,avain,33-14-0,out,avain,0
Y,00:00:00:000,avain,33-15-0,out,avain,0
Y,00:00:00:000,avain,33-16-0,out,avain,0
Y,00:00:00:000,avain,33-17-0,out,avain,0
Y,00:00:00:000,avain,33-18-0,out,avain,0
Y,00:00:00:000,avain,33-19-0,out,avain,0
Y,00:00:00:000,avain,33-20-0,out,avain,0
Y,00:00:00:000,avain,33-21-0,out,avain,0
Y,00:00:00:000,avain,33-22-0,out,avain,0
Y,00:00:00:000,avain,33-23-0,out,avain,0
Y,00:00:00:000,avain,33-24-0,out,avain,0
Y,00:00:00:000,avain,33-25-0,out,avain,0
Y,00:00:00:000,avain,33-26-0,out,avain,0
Y,00:00:00:000,avain,33-27-0,out,avain,0
Y,00:00:00:000,avain,33-28-0,out,avain,0
Y,00:00:00:000,avain,33-29-0,out,avain,0
Y,00:00:00:000,avain,33-30-0,out,avain,0
Y,00:00:00:000,avain,33-31-0,out,avain,0
Y,00:00:00:000,avain,33-32-0,out,avain,0
Y,00:00:00:000,avain,33-33-0,out,avain,0
Y,00:00:00:000,avain,33-34-0,out,avain,0
Y,00:00:00:000,avain,34-0-0,out,avain,0
Y,00:00:00:000,avain,34-1-0,out,avain,0
Y,00:00:00:000,avain,34-2-0,out,avain,0
Y,00:00:00:000,avain,34-3-0,out,avain,0
Y,00:00:00:000,avain,34-4-0,out,avain,0
Y,00:00:00:000,avain,34-5-0,out,avain,0
Y,00:00:00:000,avain,34-6-0,out,avain,0
Y,00:00:00:000,avain,34-7-0,out,avain,0
Y,00:00:00:000,avain,34-8-0,out,avain,0
Y,00:00:00:000,avain,34-9-0,out,avain,0
Y,00:00:00:000,avain,34-10-0,out,avain,0
Y,00:00:00:000,avain,34-11-0,out,avain,0
Y,00:00:00:000,avain,34-12-0,out,avain,0
Y,00:00:00:000,avain,34-13-0,out,avain,0
Y,00:00:00:000,avain,34-14-0,out,avain,0
Y,00:00:00:000,avain,34-15-0,out,avain,0
Y,00:00:00:000,avain,34-16-0,out,avain,0
Y,00:00:00:000,avain,34-17-0,out,avain,0
Y,00:00:00:000,avain,34-18-0,out,avain,0
Y,00:00:00:000,avain,34-19-0,out,avain,0
Y,00:00:00:000,avain,34-20-0,out,avain,0
Y,00:00:00:000,avain,34-21-0,out,avain,0
Y,00:00:00:000,avain,34-22-0,out,avain,0
Y,00:00:00:000,avain,34-23-0,out,avain,0
Y,00:00:00:000,avain,34-24-0,out,avain,0
Y,00:00:00:000,avain,34-25-0,out,avain,0
Y,00:00:00:000,avain,34-26-0,out,avain,0
Y,00:00:00:000,avain,34-27-0,out,avain,0
Y,00:00:00:000,avain,34-28-0,out,avain,0
Y,00:00:00:000,avain,34-29-0,out,avain,0
Y,00:00:00:000,avain,34-30-0,out,avain,0
Y,00:00:00:000,avain,34-31-0,out,avain,0
Y,00:00:00:000,avain,34-32-0,out,avain,0
Y,00:00:00:000,avain,34-33-0,out,avain,0
Y,00:00:00:000,avain,34-34-0,out,avain,0
Y,00:00:00:100,flu,18-12-0,out,flu,2
Y,00:00:00:100,flu,24-26-0,out,flu,2
Y,00:00:00:100,flu,24-28-0,out,flu,2
Y,00:00:00:100,flu,25-26-0,out,flu,2
Y,00:00:00:100,flu,26-27-0,out,flu,2
Y,00:00:00:200,flu,17-11-0,out,flu,2
Y,00:00:00:200,flu,17-13-0,out,flu,2
Y,00:00:00:200,flu,19-12-0,out,flu,2
Y,00:00:00:200,flu,23-25-0,out,flu,2
Y,00:00:00:200,flu,24-27-0,out,flu,2
Y,00:00:00:200,flu,25-28-0,out,flu,2
Y,00:00:00:200,flu,26-25-0,out,flu,2
Y,00:00:00:200,flu,26-28-0,out,flu,2
Y,00:00:00:200,flu,27-26-0,out,flu,2
Y,00:00:00:300,flu,18-11-0,out,flu,2
Y,00:00:00:300,flu,20-12-0,out,flu,2
Y,00:00:00:300,flu,22-25-0,out,flu,2
Y,00:00:00:300,flu,24-24-0,out,flu,2
Y,00:00:00:300,flu,25-24-0,out,flu,2
Y,00:00:00:300,flu,27-25-0,out,flu,2
Y,00:00:00:400,flu,18-10-0,out,flu,2
Y,00:00:00:400,flu,20-11-0,out,flu,2
Y,00:00:00:400,flu,21-12-0,out,flu,2
Y,00:00:00:400,flu,21-26-0,out,flu,2
Y,00:00:00:400,flu,24-23-0,out,flu,2
Y,00:00:00:500,flu,17-9-0,out,flu,2
Y,00:00:00:500,flu,17-10-0,out,flu,2
Y,00:00:00:500,flu,21-10-0,out,flu,2
Y,00:00:00:500,flu,21-13-0,out,flu,2
Y,00:00:00:500,flu,22-11-0,out,flu,2
Y,00:00:00:500,flu,20-26-0,out,flu,2
Y,00:00:00:500,flu,20-27-0,out,flu,2
Y,00:00:00:500,flu,22-26-0,out,flu,2
Y,00:00:00:500,flu,24-22-0,out,flu,2
Y,00:00:00:500,flu,25-23-0,out,flu,2
Y,00:00:00:600,flu,16-9-0,out,flu,2
Y,00:00:00:600,flu,16-10-0,out,flu,2
Y,00:00:00:600,flu,18-8-0,out,flu,2
Y,00:00:00:600,flu,16-11-0,out,flu,2
Y,00:00:00:600,flu,20-9-0,out,flu,2
Y,00:00:00:600,flu,22-9-0,out,flu,2
Y,00:00:00:600,flu,22-10-0,out,flu,2
Y,00:00:00:600,flu,20-13-0,out,flu,2
Y,00:00:00:600,flu,20-14-0,out,flu,2
Y,00:00:00:600,flu,21-14-0,out,flu,2
Y,00:00:00:600,flu,22-12-0,out,flu,2
Y,00:00:00:600,flu,19-25-0,out,flu,2
Y,00:00:00:600,flu,19-27-0,out,flu,2
Y,00:00:00:600,flu,23-27-0,out,flu,2
Y,00:00:00:600,flu,25-21-0,out,flu,2
Y,00:00:00:600,flu,26-22-0,out,flu,2
Y,00:00:00:700,flu,15-10-0,out,flu,2
Y,00:00:00:700,flu,17-7-0,out,flu,2
Y,00:00:00:700,flu,18-7-0,out,flu,2
Y,00:00:00:700,flu,19-8-0,out,flu,2
Y,00:00:00:700,flu,19-9-0,out,flu,2
Y,00:00:00:700,flu,15-12-0,out,flu,2
Y,00:00:00:700,flu,19-10-0,out,flu,2
Y,00:00:00:700,flu,20-8-0,out,flu,2
Y,00:00:00:700,flu,20-10-0,out,flu,2
Y,00:00:00:700,flu,23-8-0,out,flu,2
Y,00:00:00:700,flu,23-9-0,out,flu,2
Y,00:00:00:700,flu,23-10-0,out,flu,2
Y,00:00:00:700,flu,19-13-0,out,flu,2
Y,00:00:00:700,flu,20-15-0,out,flu,2
Y,00:00:00:700,flu,19-24-0,out,flu,2
Y,00:00:00:700,flu,20-24-0,out,flu,2
Y,00:00:00:700,flu,22-28-0,out,flu,2
Y,00:00:00:700,flu,23-26-0,out,flu,2
Y,00:00:00:700,flu,24-20-0,out,flu,2
Y,00:00:00:700,flu,26-21-0,out,flu,2
Y,00:00:00:800,flu,15-9-0,out,flu,2
Y,00:00:00:800,flu,15-11-0,out,flu,2
Y,00:00:00:800,flu,16-6-0,out,flu,2
Y,00:00:00:800,flu,16-7-0,out,flu,2
Y,00:00:00:800,flu,17-8-0,out,flu,2
Y,00:00:00:800,flu,18-6-0,out,flu,2
Y,00:00:00:800,flu,14-12-0,out,flu,2
Y,00:00:00:800,flu,15-13-0,out,flu,2
Y,00:00:00:800,flu,21-11-0,out,flu,2
Y,00:00:00:800,flu,22-7-0,out,flu,2
Y,00:00:00:800,flu,24-8-0,out,flu,2
Y,00:00:00:800,flu,24-10-0,out,flu,2
Y,00:00:00:800,flu,24-11-0,out,flu,2
Y,00:00:00:800,flu,18-13-0,out,flu,2
Y,00:00:00:800,flu,19-16-0,out,flu,2
Y,00:00:00:800,flu,21-15-0,out,flu,2
Y,00:00:00:800,flu,18-25-0,out,flu,2
Y,00:00:00:800,flu,20-25-0,out,flu,2
Y,00:00:00:800,flu,21-23-0,out,flu,2
Y,00:00:00:800,flu,21-24-0,out,flu,2
Y,00:00:00:800,flu,23-21-0,out,flu,2
Y,00:00:00:800,flu,24-19-0,out,flu,2
Y,00:00:00:800,flu,24-21-0,out,flu,2
Y,00:00:00:800,flu,25-22-0,out,flu,2
Y,00:00:00:800,flu,26-20-0,out,flu,2
Y,00:00:00:800,flu,27-22-0,out,flu,2
Y,00:00:00:900,flu,14-9-0,out,flu,2
Y,00:00:00:900,flu,14-10-0,out,flu,2
Y,00:00:00:900,flu,15-8-0,out,flu,2
Y,00:00:00:900,flu,16-12-0,out,flu,2
Y,00:00:00:900,flu,15-6-0,out,flu,2
Y,00:00:00:900,flu,17-5-0,out,flu,2
Y,00:00:00:900,flu,18-5-0,out,flu,2
Y,00:00:00:900,flu,19-5-0,out,flu,2
Y,00:00:00:900,flu,19-6-0,out,flu,2
Y,00:00:00:900,flu,19-7-0,out,flu,2
Y,00:00:00:900,flu,13-12-0,out,flu,2
Y,00:00:00:900,flu,14-13-0,out,flu,2
Y,00:00:00:900,flu,23-6-0,out,flu,2
Y,00:00:00:900,flu,23-7-0,out,flu,2
Y,00:00:00:900,flu,24-7-0,out,flu,2
Y,00:00:00:900,flu,25-7-0,out,flu,2
Y,00:00:00:900,flu,23-11-0,out,flu,2
Y,00:00:00:900,flu,25-11-0,out,flu,2
Y,00:00:00:900,flu,23-12-0,out,flu,2
Y,00:00:00:900,flu,18-16-0,out,flu,2
Y,00:00:00:900,flu,19-15-0,out,flu,2
Y,00:00:00:900,flu,19-17-0,out,flu,2
Y,00:00:00:900,flu,22-15-0,out,flu,2
Y,00:00:00:900,flu,18-26-0,out,flu,2
Y,00:00:00:900,flu,19-26-0,out,flu,2
Y,00:00:00:900,flu,20-22-0,out,flu,2
Y,00:00:00:900,flu,21-22-0,out,flu,2
Y,00:00:00:900,flu,22-22-0,out,flu,2
Y,00:00:00:900,flu,22-23-0,out,flu,2
Y,00:00:00:900,flu,22-20-0,out,flu,2
Y,00:00:00:900,flu,25-20-0,out,flu,2
Y,00:00:00:900,flu,27-19-0,out,flu,2
Y,00:00:00:900,flu,27-20-0,out,flu,2
Y,00:00:00:900,flu,27-23-0,out,flu,2
Y,00:00:01:000,flu,13-10-0,out,flu,2
Y,00:00:01:000,flu,14-8-0,out,flu,2
Y,00:00:01:000,flu,14-11-0,out,flu,2
Y,00:00:01:000,flu,16-8-0,out,flu,2
Y,00:00:01:000,flu,15-5-0,out,flu,2
Y,00:00:01:000,flu,16-5-0,out,flu,2
Y,00:00:01:000,flu,16-4-0,out,flu,2
Y,00:00:01:000,flu,17-6-0,out,flu,2
Y,00:00:01:000,flu,18-4-0,out,flu,2
Y,00:00:01:000,flu,20-6-0,out,flu,2
Y,00:00:01:000,flu,12-11-0,out,flu,2
Y,00:00:01:000,flu,13-14-0,out,flu,2
Y,00:00:01:000,flu,14-14-0,out,flu,2
Y,00:00:01:000,flu,25-6-0,out,flu,2
Y,00:00:01:000,flu,25-10-0,out,flu,2
Y,00:00:01:000,flu,22-13-0,out,flu,2
Y,00:00:01:000,flu,17-17-0,out,flu,2
Y,00:00:01:000,flu,20-16-0,out,flu,2
Y,00:00:01:000,flu,20-18-0,out,flu,2
Y,00:00:01:000,flu,21-16-0,out,flu,2
Y,00:00:01:000,flu,22-14-0,out,flu,2
Y,00:00:01:000,flu,23-16-0,out,flu,2
Y,00:00:01:000,flu,19-22-0,out,flu,2
Y,00:00:01:000,flu,20-21-0,out,flu,2
Y,00:00:01:000,flu,20-23-0,out,flu,2
Y,00:00:01:000,flu,22-21-0,out,flu,2
Y,00:00:01:000,flu,23-22-0,out,flu,2
Y,00:00:01:000,flu,22-24-0,out,flu,2
Y,00:00:01:000,flu,23-19-0,out,flu,2
Y,00:00:01:000,flu,25-19-0,out,flu,2
Y,00:00:01:000,flu,28-19-0,out,flu,2
Y,00:00:01:000,flu,27-21-0,out,flu,2
Y,00:00:01:000,flu,28-21-0,out,flu,2
Y,00:00:01:000,flu,27-24-0,out,flu,2
Y,00:00:01:000,flu,28-22-0,out,flu,2
Y,00:00:01:000,flu,28-24-0,out,flu,2
Y,00:00:01:100,flu,13-11-0,out,flu,2
Y,00:00:01:100,flu,13-7-0,out,flu,2
Y,00:00:01:100,flu,14-4-0,out,flu,2
Y,00:00:01:100,flu,14-6-0,out,flu,2
Y,00:00:01:100,flu,17-4-0,out,flu,2
Y,00:00:01:100,flu,15-3-0,out,flu,2
Y,00:00:01:100,flu,19-3-0,out,flu,2
Y,00:00:01:100,flu,20-7-0,out,flu,2
Y,00:00:01:100,flu,12-15-0,out,flu,2
Y,00:00:01:100,flu,12-13-0,out,flu,2
Y,00:00:01:100,flu,15-15-0,out,flu,2
Y,00:00:01:100,flu,24-5-0,out,flu,2
Y,00:00:01:100,flu,17-16-0,out,flu,2
Y,00:00:01:100,flu,17-18-0,out,flu,2
Y,00:00:01:100,flu,18-17-0,out,flu,2
Y,00:00:01:100,flu,20-17-0,out,flu,2
Y,00:00:01:100,flu,21-18-0,out,flu,2
Y,00:00:01:100,flu,22-16-0,out,flu,2
Y,00:00:01:100,flu,23-15-0,out,flu,2
Y,00:00:01:100,flu,18-23-0,out,flu,2
Y,00:00:01:100,flu,21-20-0,out,flu,2
Y,00:00:01:100,flu,21-21-0,out,flu,2
Y,00:00:01:100,flu,23-24-0,out,flu,2
Y,00:00:01:100,flu,24-18-0,out,flu,2
Y,00:00:01:100,flu,29-18-0,out,flu,2
Y,00:00:01:100,flu,26-24-0,out,flu,2
Y,00:00:01:100,flu,29-25-0,out,flu,2
Y,00:00:01:200,flu,12-12-0,out,flu,2
Y,00:00:01:200,flu,12-8-0,out,flu,2
Y,00:00:01:200,flu,14-7-0,out,flu,2
Y,00:00:01:200,flu,14-3-0,out,flu,2
Y,00:00:01:200,flu,15-4-0,out,flu,2
Y,00:00:01:200,flu,14-2-0,out,flu,2
Y,00:00:01:200,flu,11-15-0,out,flu,2
Y,00:00:01:200,flu,11-13-0,out,flu,2
Y,00:00:01:200,flu,11-12-0,out,flu,2
Y,00:00:01:200,flu,13-13-0,out,flu,2
Y,00:00:01:200,flu,14-16-0,out,flu,2
Y,00:00:01:200,flu,16-16-0,out,flu,2
Y,00:00:01:200,flu,18-15-0,out,flu,2
Y,00:00:01:200,flu,22-17-0,out,flu,2
Y,00:00:01:200,flu,22-18-0,out,flu,2
Y,00:00:01:200,flu,22-19-0,out,flu,2
Y,00:00:01:200,flu,17-22-0,out,flu,2
Y,00:00:01:200,flu,19-23-0,out,flu,2
Y,00:00:01:200,flu,23-18-0,out,flu,2
Y,00:00:01:200,flu,24-17-0,out,flu,2
Y,00:00:01:200,flu,28-17-0,out,flu,2
Y,00:00:01:200,flu,29-19-0,out,flu,2
Y,00:00:01:200,flu,28-26-0,out,flu,2
Y,00:00:01:200,flu,29-24-0,out,flu,2
Y,00:00:01:200,flu,30-24-0,out,flu,2
Y,00:00:01:300,flu,11-8-0,out,flu,2
Y,00:00:01:300,flu,13-8-0,out,flu,2
Y,00:00:01:300,flu,15-7-0,out,flu,2
Y,00:00:01:300,flu,13-3-0,out,flu,2
Y,00:00:01:300,flu,14-1-0,out,flu,2
Y,00:00:01:300,flu,15-1-0,out,flu,2
Y,00:00:01:300,flu,10-16-0,out,flu,2
Y,00:00:01:300,flu,12-14-0,out,flu,2
Y,00:00:01:300,flu,10-13-0,out,flu,2
Y,00:00:01:300,flu,10-12-0,out,flu,2
Y,00:00:01:300,flu,14-17-0,out,flu,2
Y,00:00:01:300,flu,15-17-0,out,flu,2
Y,00:00:01:300,flu,16-17-0,out,flu,2
Y,00:00:01:300,flu,21-17-0,out,flu,2
Y,00:00:01:300,flu,17-21-0,out,flu,2
Y,00:00:01:300,flu,17-23-0,out,flu,2
Y,00:00:01:300,flu,18-24-0,out,flu,2
Y,00:00:01:300,flu,25-17-0,out,flu,2
Y,00:00:01:300,flu,25-18-0,out,flu,2
Y,00:00:01:300,flu,27-18-0,out,flu,2
Y,00:00:01:300,flu,28-16-0,out,flu,2
Y,00:00:01:300,flu,28-18-0,out,flu,2
Y,00:00:01:300,flu,29-16-0,out,flu,2
Y,00:00:01:300,flu,29-17-0,out,flu,2
Y,00:00:01:300,flu,28-20-0,out,flu,2
Y,00:00:01:300,flu,29-20-0,out,flu,2
Y,00:00:01:300,flu,31-23-0,out,flu,2
Y,00:00:01:400,flu,10-8-0,out,flu,2
Y,00:00:01:400,flu,11-7-0,out,flu,2
Y,00:00:01:400,flu,11-9-0,out,flu,2
Y,00:00:01:400,flu,12-9-0,out,flu,2
Y,00:00:01:400,flu,13-0-0,out,flu,2
Y,00:00:01:400,flu,15-0-0,out,flu,2
Y,00:00:01:400,flu,16-2-0,out,flu,2
Y,00:00:01:400,flu,9-15-0,out,flu,2
Y,00:00:01:400,flu,11-14-0,out,flu,2
Y,00:00:01:400,flu,9-12-0,out,flu,2
Y,00:00:01:400,flu,14-18-0,out,flu,2
Y,00:00:01:400,flu,17-20-0,out,flu,2
Y,00:00:01:400,flu,18-21-0,out,flu,2
Y,00:00:01:400,flu,17-25-0,out,flu,2
Y,00:00:01:400,flu,25-16-0,out,flu,2
Y,00:00:01:400,flu,27-15-0,out,flu,2
Y,00:00:01:400,flu,28-15-0,out,flu,2
Y,00:00:01:400,flu,30-17-0,out,flu,2
Y,00:00:01:400,flu,29-21-0,out,flu,2
Y,00:00:01:400,flu,30-21-0,out,flu,2
Y,00:00:01:400,flu,31-22-0,out,flu,2
Y,00:00:01:400,flu,31-24-0,out,flu,2
Y,00:00:01:400,flu,32-22-0,out,flu,2
Y,00:00:01:400,flu,32-24-0,out,flu,2
Y,00:00:01:500,flu,9-8-0,out,flu,2
Y,00:00:01:500,flu,12-7-0,out,flu,2
Y,00:00:01:500,flu,10-10-0,out,flu,2
Y,00:00:01:500,flu,11-10-0,out,flu,2
Y,00:00:01:500,flu,13-1-0,out,flu,2
Y,00:00:01:500,flu,16-0-0,out,flu,2
Y,00:00:01:500,flu,16-1-0,out,flu,2
Y,00:00:01:500,flu,15-2-0,out,flu,2
Y,00:00:01:500,flu,17-2-0,out,flu,2
Y,00:00:01:500,flu,8-15-0,out,flu,2
Y,00:00:01:500,flu,9-14-0,out,flu,2
Y,00:00:01:500,flu,9-16-0,out,flu,2
Y,00:00:01:500,flu,8-12-0,out,flu,2
Y,00:00:01:500,flu,13-18-0,out,flu,2
Y,00:00:01:500,flu,14-19-0,out,flu,2
Y,00:00:01:500,flu,17-19-0,out,flu,2
Y,00:00:01:500,flu,18-19-0,out,flu,2
Y,00:00:01:500,flu,16-25-0,out,flu,2
Y,00:00:01:500,flu,24-15-0,out,flu,2
Y,00:00:01:500,flu,24-16-0,out,flu,2
Y,00:00:01:500,flu,26-17-0,out,flu,2
Y,00:00:01:500,flu,26-14-0,out,flu,2
Y,00:00:01:500,flu,30-18-0,out,flu,2
Y,00:00:01:500,flu,31-18-0,out,flu,2
Y,00:00:01:500,flu,31-20-0,out,flu,2
Y,00:00:01:500,flu,32-23-0,out,flu,2
Y,00:00:01:500,flu,30-25-0,out,flu,2
Y,00:00:01:500,flu,33-22-0,out,flu,2
Y,00:00:01:500,flu,33-25-0,out,flu,2
Y,00:00:01:600,flu,8-9-0,out,flu,2
Y,00:00:01:600,flu,13-6-0,out,flu,2
Y,00:00:01:600,flu,13-2-0,out,flu,2
Y,00:00:01:600,flu,17-0-0,out,flu,2
Y,00:00:01:600,flu,16-3-0,out,flu,2
Y,00:00:01:600,flu,17-3-0,out,flu,2
Y,00:00:01:600,flu,8-13-0,out,flu,2
Y,00:00:01:600,flu,10-14-0,out,flu,2
Y,00:00:01:600,flu,7-11-0,out,flu,2
Y,00:00:01:600,flu,12-19-0,out,flu,2
Y,00:00:01:600,flu,13-20-0,out,flu,2
Y,00:00:01:600,flu,15-18-0,out,flu,2
Y,00:00:01:600,flu,19-20-0,out,flu,2
Y,00:00:01:600,flu,15-24-0,out,flu,2
Y,00:00:01:600,flu,23-14-0,out,flu,2
Y,00:00:01:600,flu,24-14-0,out,flu,2
Y,00:00:01:600,flu,25-14-0,out,flu,2
Y,00:00:01:600,flu,23-17-0,out,flu,2
Y,00:00:01:600,flu,32-18-0,out,flu,2
Y,00:00:01:600,flu,30-20-0,out,flu,2
Y,00:00:01:600,flu,32-21-0,out,flu,2
Y,00:00:01:600,flu,33-23-0,out,flu,2
Y,00:00:01:600,flu,34-22-0,out,flu,2
Y,00:00:01:700,flu,7-10-0,out,flu,2
Y,00:00:01:700,flu,8-10-0,out,flu,2
Y,00:00:01:700,flu,9-10-0,out,flu,2
Y,00:00:01:700,flu,12-1-0,out,flu,2
Y,00:00:01:700,flu,12-3-0,out,flu,2
Y,00:00:01:700,flu,8-11-0,out,flu,2
Y,00:00:01:700,flu,11-19-0,out,flu,2
Y,00:00:01:700,flu,11-20-0,out,flu,2
Y,00:00:01:700,flu,14-20-0,out,flu,2
Y,00:00:01:700,flu,14-21-0,out,flu,2
Y,00:00:01:700,flu,16-18-0,out,flu,2
Y,00:00:01:700,flu,20-19-0,out,flu,2
Y,00:00:01:700,flu,15-23-0,out,flu,2
Y,00:00:01:700,flu,15-25-0,out,flu,2
Y,00:00:01:700,flu,25-13-0,out,flu,2
Y,00:00:01:700,flu,26-15-0,out,flu,2
Y,00:00:01:700,flu,33-18-0,out,flu,2
Y,00:00:01:700,flu,33-19-0,out,flu,2
Y,00:00:01:700,flu,30-19-0,out,flu,2
Y,00:00:01:700,flu,32-20-0,out,flu,2
Y,00:00:01:700,flu,33-20-0,out,flu,2
Y,00:00:01:700,flu,33-21-0,out,flu,2
Y,00:00:01:700,flu,33-24-0,out,flu,2
Y,00:00:01:700,flu,34-24-0,out,flu,2
Y,00:00:01:800,flu,10-11-0,out,flu,2
Y,00:00:01:800,flu,11-0-0,out,flu,2
Y,00:00:01:800,flu,12-2-0,out,flu,2
Y,00:00:01:800,flu,12-4-0,out,flu,2
Y,00:00:01:800,flu,13-4-0,out,flu,2
Y,00:00:01:800,flu,7-12-0,out,flu,2
Y,00:00:01:800,flu,11-18-0,out,flu,2
Y,00:00:01:800,flu,12-20-0,out,flu,2
Y,00:00:01:800,flu,13-19-0,out,flu,2
Y,00:00:01:800,flu,15-20-0,out,flu,2
Y,00:00:01:800,flu,19-19-0,out,flu,2
Y,00:00:01:800,flu,20-20-0,out,flu,2
Y,00:00:01:800,flu,14-24-0,out,flu,2
Y,00:00:01:800,flu,15-26-0,out,flu,2
Y,00:00:01:800,flu,16-26-0,out,flu,2
Y,00:00:01:800,flu,27-16-0,out,flu,2
Y,00:00:01:800,flu,32-17-0,out,flu,2
Y,00:00:01:800,flu,34-19-0,out,flu,2
Y,00:00:01:800,flu,31-19-0,out,flu,2
Y,00:00:01:800,flu,32-25-0,out,flu,2
Y,00:00:01:900,flu,11-11-0,out,flu,2
Y,00:00:01:900,flu,11-5-0,out,flu,2
Y,00:00:01:900,flu,11-2-0,out,flu,2
Y,00:00:01:900,flu,10-1-0,out,flu,2
Y,00:00:01:900,flu,10-0-0,out,flu,2
Y,00:00:01:900,flu,7-13-0,out,flu,2
Y,00:00:01:900,flu,11-17-0,out,flu,2
Y,00:00:01:900,flu,19-21-0,out,flu,2
Y,00:00:01:900,flu,13-23-0,out,flu,2
Y,00:00:01:900,flu,14-23-0,out,flu,2
Y,00:00:01:900,flu,14-25-0,out,flu,2
Y,00:00:01:900,flu,15-27-0,out,flu,2
Y,00:00:01:900,flu,26-16-0,out,flu,2
Y,00:00:01:900,flu,27-17-0,out,flu,2
Y,00:00:01:900,flu,33-17-0,out,flu,2
Y,00:00:01:900,flu,32-19-0,out,flu,2
Y,00:00:01:900,flu,33-26-0,out,flu,2
Y,00:00:02:000,flu,12-10-0,out,flu,2
Y,00:00:02:000,flu,12-6-0,out,flu,2
Y,00:00:02:000,flu,11-4-0,out,flu,2
Y,00:00:02:000,flu,10-17-0,out,flu,2
Y,00:00:02:000,flu,10-5-0,out,flu,2
Y,00:00:02:000,flu,10-4-0,out,flu,2
Y,00:00:02:000,flu,9-2-0,out,flu,2
Y,00:00:02:000,flu,6-14-0,out,flu,2
Y,00:00:02:000,flu,12-18-0,out,flu,2
Y,00:00:02:000,flu,12-22-0,out,flu,2
Y,00:00:02:000,flu,16-27-0,out,flu,2
Y,00:00:02:000,flu,26-18-0,out,flu,2
Y,00:00:02:000,flu,32-16-0,out,flu,2
Y,00:00:02:000,flu,33-16-0,out,flu,2
Y,00:00:02:100,flu,13-9-0,out,flu,2
Y,00:00:02:100,flu,12-23-0,out,flu,2
Y,00:00:02:100,flu,11-23-0,out,flu,2
Y,00:00:02:100,flu,11-21-0,out,flu,2
Y,00:00:02:100,flu,10-3-0,out,flu,2
Y,00:00:02:100,flu,10-2-0,out,flu,2
Y,00:00:02:100,flu,9-17-0,out,flu,2
Y,00:00:02:100,flu,9-4-0,out,flu,2
Y,00:00:02:100,flu,9-3-0,out,flu,2
Y,00:00:02:100,flu,8-2-0,out,flu,2
Y,00:00:02:100,flu,8-1-0,out,flu,2
Y,00:00:02:100,flu,6-15-0,out,flu,2
Y,00:00:02:100,flu,13-22-0,out,flu,2
Y,00:00:02:100,flu,16-28-0,out,flu,2
Y,00:00:02:100,flu,17-27-0,out,flu,2
Y,00:00:02:100,flu,33-15-0,out,flu,2
Y,00:00:02:100,flu,34-15-0,out,flu,2
Y,00:00:02:100,flu,34-16-0,out,flu,2
Y,00:00:02:100,flu,34-17-0,out,flu,2
Y,00:00:02:200,flu,11-22-0,out,flu,2
Y,00:00:02:200,flu,12-24-0,out,flu,2
Y,00:00:02:200,flu,11-3-0,out,flu,2
Y,00:00:02:200,flu,10-23-0,out,flu,2
Y,00:00:02:200,flu,10-20-0,out,flu,2
Y,00:00:02:200,flu,12-21-0,out,flu,2
Y,00:00:02:200,flu,8-5-0,out,flu,2
Y,00:00:02:200,flu,8-4-0,out,flu,2
Y,00:00:02:200,flu,8-0-0,out,flu,2
Y,00:00:02:200,flu,7-16-0,out,flu,2
Y,00:00:02:200,flu,7-15-0,out,flu,2
Y,00:00:02:200,flu,7-14-0,out,flu,2
Y,00:00:02:200,flu,7-2-0,out,flu,2
Y,00:00:02:200,flu,5-16-0,out,flu,2
Y,00:00:02:200,flu,5-15-0,out,flu,2
Y,00:00:02:200,flu,14-22-0,out,flu,2
Y,00:00:02:200,flu,32-14-0,out,flu,2
Y,00:00:02:300,flu,11-25-0,out,flu,2
Y,00:00:02:300,flu,10-19-0,out,flu,2
Y,00:00:02:300,flu,9-21-0,out,flu,2
Y,00:00:02:300,flu,9-6-0,out,flu,2
Y,00:00:02:300,flu,9-1-0,out,flu,2
Y,00:00:02:300,flu,9-0-0,out,flu,2
Y,00:00:02:300,flu,8-17-0,out,flu,2
Y,00:00:02:300,flu,7-5-0,out,flu,2
Y,00:00:02:300,flu,7-4-0,out,flu,2
Y,00:00:02:300,flu,7-1-0,out,flu,2
Y,00:00:02:300,flu,7-0-0,out,flu,2
Y,00:00:02:300,flu,6-17-0,out,flu,2
Y,00:00:02:300,flu,6-3-0,out,flu,2
Y,00:00:02:300,flu,4-16-0,out,flu,2
Y,00:00:02:300,flu,31-13-0,out,flu,2
Y,00:00:02:300,flu,32-13-0,out,flu,2
Y,00:00:02:400,flu,11-26-0,out,flu,2
Y,00:00:02:400,flu,12-25-0,out,flu,2
Y,00:00:02:400,flu,10-18-0,out,flu,2
Y,00:00:02:400,flu,10-6-0,out,flu,2
Y,00:00:02:400,flu,9-18-0,out,flu,2
Y,00:00:02:400,flu,8-22-0,out,flu,2
Y,00:00:02:400,flu,8-21-0,out,flu,2
Y,00:00:02:400,flu,8-20-0,out,flu,2
Y,00:00:02:400,flu,7-6-0,out,flu,2
Y,00:00:02:400,flu,6-5-0,out,flu,2
Y,00:00:02:400,flu,6-4-0,out,flu,2
Y,00:00:02:400,flu,5-18-0,out,flu,2
Y,00:00:02:400,flu,5-4-0,out,flu,2
Y,00:00:02:400,flu,5-3-0,out,flu,2
Y,00:00:02:400,flu,4-17-0,out,flu,2
Y,00:00:02:400,flu,3-16-0,out,flu,2
Y,00:00:02:400,flu,31-14-0,out,flu,2
Y,00:00:02:400,flu,32-12-0,out,flu,2
Y,00:00:02:500,flu,10-25-0,out,flu,2
Y,00:00:02:500,flu,11-27-0,out,flu,2
Y,00:00:02:500,flu,12-26-0,out,flu,2
Y,00:00:02:500,flu,13-25-0,out,flu,2
Y,00:00:02:500,flu,13-26-0,out,flu,2
Y,00:00:02:500,flu,11-6-0,out,flu,2
Y,00:00:02:500,flu,8-18-0,out,flu,2
Y,00:00:02:500,flu,8-7-0,out,flu,2
Y,00:00:02:500,flu,8-6-0,out,flu,2
Y,00:00:02:500,flu,7-19-0,out,flu,2
Y,00:00:02:500,flu,6-19-0,out,flu,2
Y,00:00:02:500,flu,6-18-0,out,flu,2
Y,00:00:02:500,flu,5-19-0,out,flu,2
Y,00:00:02:500,flu,5-6-0,out,flu,2
Y,00:00:02:500,flu,4-18-0,out,flu,2
Y,00:00:02:500,flu,4-15-0,out,flu,2
Y,00:00:02:500,flu,2-17-0,out,flu,2
Y,00:00:02:500,flu,2-16-0,out,flu,2
Y,00:00:02:500,flu,31-11-0,out,flu,2
Y,00:00:02:500,flu,33-13-0,out,flu,2
Y,00:00:02:600,flu,10-26-0,out,flu,2
Y,00:00:02:600,flu,11-24-0,out,flu,2
Y,00:00:02:600,flu,13-27-0,out,flu,2
Y,00:00:02:600,flu,9-19-0,out,flu,2
Y,00:00:02:600,flu,9-7-0,out,flu,2
Y,00:00:02:600,flu,8-19-0,out,flu,2
Y,00:00:02:600,flu,7-17-0,out,flu,2
Y,00:00:02:600,flu,6-20-0,out,flu,2
Y,00:00:02:600,flu,5-20-0,out,flu,2
Y,00:00:02:600,flu,4-19-0,out,flu,2
Y,00:00:02:600,flu,4-14-0,out,flu,2
Y,00:00:02:600,flu,3-18-0,out,flu,2
Y,00:00:02:600,flu,3-17-0,out,flu,2
Y,00:00:02:600,flu,1-18-0,out,flu,2
Y,00:00:02:600,flu,30-11-0,out,flu,2
Y,00:00:02:600,flu,31-10-0,out,flu,2
Y,00:00:02:600,flu,32-11-0,out,flu,2
Y,00:00:02:600,flu,33-14-0,out,flu,2
Y,00:00:02:600,flu,34-14-0,out,flu,2
Y,00:00:02:700,flu,9-27-0,out,flu,2
Y,00:00:02:700,flu,12-28-0,out,flu,2
Y,00:00:02:700,flu,13-28-0,out,flu,2
Y,00:00:02:700,flu,14-28-0,out,flu,2
Y,00:00:02:700,flu,10-7-0,out,flu,2
Y,00:00:02:700,flu,7-20-0,out,flu,2
Y,00:00:02:700,flu,7-18-0,out,flu,2
Y,00:00:02:700,flu,6-21-0,out,flu,2
Y,00:00:02:700,flu,3-20-0,out,flu,2
Y,00:00:02:700,flu,3-13-0,out,flu,2
Y,00:00:02:700,flu,2-18-0,out,flu,2
Y,00:00:02:700,flu,0-19-0,out,flu,2
Y,00:00:02:700,flu,0-17-0,out,flu,2
Y,00:00:02:700,flu,31-12-0,out,flu,2
Y,00:00:02:700,flu,32-10-0,out,flu,2
Y,00:00:02:700,flu,32-15-0,out,flu,2
Y,00:00:02:800,flu,8-27-0,out,flu,2
Y,00:00:02:800,flu,8-28-0,out,flu,2
Y,00:00:02:800,flu,10-28-0,out,flu,2
Y,00:00:02:800,flu,14-29-0,out,flu,2
Y,00:00:02:800,flu,7-22-0,out,flu,2
Y,00:00:02:800,flu,5-21-0,out,flu,2
Y,00:00:02:800,flu,4-13-0,out,flu,2
Y,00:00:02:800,flu,3-19-0,out,flu,2
Y,00:00:02:800,flu,3-14-0,out,flu,2
Y,00:00:02:800,flu,3-12-0,out,flu,2
Y,00:00:02:800,flu,1-19-0,out,flu,2
Y,00:00:02:800,flu,0-18-0,out,flu,2
Y,00:00:02:800,flu,30-13-0,out,flu,2
Y,00:00:02:800,flu,32-9-0,out,flu,2
Y,00:00:02:800,flu,31-15-0,out,flu,2
Y,00:00:02:800,flu,31-16-0,out,flu,2
Y,00:00:02:900,flu,7-27-0,out,flu,2
Y,00:00:02:900,flu,8-26-0,out,flu,2
Y,00:00:02:900,flu,9-28-0,out,flu,2
Y,00:00:02:900,flu,7-29-0,out,flu,2
Y,00:00:02:900,flu,9-29-0,out,flu,2
Y,00:00:02:900,flu,11-29-0,out,flu,2
Y,00:00:02:900,flu,13-30-0,out,flu,2
Y,00:00:02:900,flu,14-30-0,out,flu,2
Y,00:00:02:900,flu,15-30-0,out,flu,2
Y,00:00:02:900,flu,5-22-0,out,flu,2
Y,00:00:02:900,flu,4-22-0,out,flu,2
Y,00:00:02:900,flu,0-20-0,out,flu,2
Y,00:00:02:900,flu,29-12-0,out,flu,2
Y,00:00:03:000,flu,6-28-0,out,flu,2
Y,00:00:03:000,flu,7-28-0,out,flu,2
Y,00:00:03:000,flu,8-25-0,out,flu,2
Y,00:00:03:000,flu,9-26-0,out,flu,2
Y,00:00:03:000,flu,8-30-0,out,flu,2
Y,00:00:03:000,flu,10-30-0,out,flu,2
Y,00:00:03:000,flu,12-31-0,out,flu,2
Y,00:00:03:000,flu,13-31-0,out,flu,2
Y,00:00:03:000,flu,14-31-0,out,flu,2
Y,00:00:03:000,flu,15-29-0,out,flu,2
Y,00:00:03:000,flu,15-31-0,out,flu,2
Y,00:00:03:000,flu,16-30-0,out,flu,2
Y,00:00:03:000,flu,6-22-0,out,flu,2
Y,00:00:03:000,flu,28-12-0,out,flu,2
Y,00:00:03:000,flu,29-11-0,out,flu,2
Y,00:00:03:100,flu,5-29-0,out,flu,2
Y,00:00:03:100,flu,8-29-0,out,flu,2
Y,00:00:03:100,flu,8-31-0,out,flu,2
Y,00:00:03:100,flu,9-31-0,out,flu,2
Y,00:00:03:100,flu,11-32-0,out,flu,2
Y,00:00:03:100,flu,14-32-0,out,flu,2
Y,00:00:03:100,flu,17-29-0,out,flu,2
Y,00:00:03:100,flu,5-23-0,out,flu,2
Y,00:00:03:100,flu,27-13-0,out,flu,2
Y,00:00:03:100,flu,29-10-0,out,flu,2
Y,00:00:03:100,flu,30-10-0,out,flu,2
Y,00:00:03:200,flu,4-30-0,out,flu,2
Y,00:00:03:200,flu,7-30-0,out,flu,2
Y,00:00:03:200,flu,8-32-0,out,flu,2
Y,00:00:03:200,flu,9-32-0,out,flu,2
Y,00:00:03:200,flu,10-32-0,out,flu,2
Y,00:00:03:200,flu,11-31-0,out,flu,2
Y,00:00:03:200,flu,13-33-0,out,flu,2
Y,00:00:03:200,flu,15-33-0,out,flu,2
Y,00:00:03:200,flu,18-29-0,out,flu,2
Y,00:00:03:200,flu,4-24-0,out,flu,2
Y,00:00:03:200,flu,4-23-0,out,flu,2
Y,00:00:03:200,flu,5-24-0,out,flu,2
Y,00:00:03:200,flu,27-12-0,out,flu,2
Y,00:00:03:200,flu,27-14-0,out,flu,2
Y,00:00:03:200,flu,28-14-0,out,flu,2
Y,00:00:03:200,flu,28-10-0,out,flu,2
Y,00:00:03:200,flu,30-9-0,out,flu,2
Y,00:00:03:300,flu,3-31-0,out,flu,2
Y,00:00:03:300,flu,4-29-0,out,flu,2
Y,00:00:03:300,flu,5-30-0,out,flu,2
Y,00:00:03:300,flu,6-30-0,out,flu,2
Y,00:00:03:300,flu,7-32-0,out,flu,2
Y,00:00:03:300,flu,11-33-0,out,flu,2
Y,00:00:03:300,flu,12-30-0,out,flu,2
Y,00:00:03:300,flu,12-33-0,out,flu,2
Y,00:00:03:300,flu,13-34-0,out,flu,2
Y,00:00:03:300,flu,14-33-0,out,flu,2
Y,00:00:03:300,flu,14-34-0,out,flu,2
Y,00:00:03:300,flu,16-32-0,out,flu,2
Y,00:00:03:300,flu,16-34-0,out,flu,2
Y,00:00:03:300,flu,18-28-0,out,flu,2
Y,00:00:03:300,flu,18-30-0,out,flu,2
Y,00:00:03:300,flu,19-28-0,out,flu,2
Y,00:00:03:300,flu,19-29-0,out,flu,2
Y,00:00:03:300,flu,5-25-0,out,flu,2
Y,00:00:03:300,flu,3-22-0,out,flu,2
Y,00:00:03:300,flu,6-23-0,out,flu,2
Y,00:00:03:300,flu,6-25-0,out,flu,2
Y,00:00:03:300,flu,27-11-0,out,flu,2
Y,00:00:03:300,flu,28-13-0,out,flu,2
Y,00:00:03:300,flu,29-14-0,out,flu,2
Y,00:00:03:300,flu,29-8-0,out,flu,2
Y,00:00:03:300,flu,31-8-0,out,flu,2
Y,00:00:03:400,flu,2-31-0,out,flu,2
Y,00:00:03:400,flu,4-28-0,out,flu,2
Y,00:00:03:400,flu,5-31-0,out,flu,2
Y,00:00:03:400,flu,6-33-0,out,flu,2
Y,00:00:03:400,flu,13-32-0,out,flu,2
Y,00:00:03:400,flu,16-31-0,out,flu,2
Y,00:00:03:400,flu,17-31-0,out,flu,2
Y,00:00:03:400,flu,17-30-0,out,flu,2
Y,00:00:03:400,flu,18-31-0,out,flu,2
Y,00:00:03:400,flu,19-30-0,out,flu,2
Y,00:00:03:400,flu,4-25-0,out,flu,2
Y,00:00:03:400,flu,6-24-0,out,flu,2
Y,00:00:03:400,flu,2-22-0,out,flu,2
Y,00:00:03:400,flu,2-21-0,out,flu,2
Y,00:00:03:400,flu,3-21-0,out,flu,2
Y,00:00:03:400,flu,29-15-0,out,flu,2
Y,00:00:03:400,flu,30-15-0,out,flu,2
Y,00:00:03:400,flu,29-7-0,out,flu,2
Y,00:00:03:400,flu,29-9-0,out,flu,2
Y,00:00:03:400,flu,30-7-0,out,flu,2
Y,00:00:03:400,flu,32-7-0,out,flu,2
Y,00:00:03:400,flu,32-8-0,out,flu,2
Y,00:00:03:500,flu,3-30-0,out,flu,2
Y,00:00:03:500,flu,3-29-0,out,flu,2
Y,00:00:03:500,flu,3-28-0,out,flu,2
Y,00:00:03:500,flu,5-27-0,out,flu,2
Y,00:00:03:500,flu,5-28-0,out,flu,2
Y,00:00:03:500,flu,4-32-0,out,flu,2
Y,00:00:03:500,flu,5-33-0,out,flu,2
Y,00:00:03:500,flu,16-29-0,out,flu,2
Y,00:00:03:500,flu,20-29-0,out,flu,2
Y,00:00:03:500,flu,3-24-0,out,flu,2
Y,00:00:03:500,flu,4-26-0,out,flu,2
Y,00:00:03:500,flu,7-23-0,out,flu,2
Y,00:00:03:500,flu,7-25-0,out,flu,2
Y,00:00:03:500,flu,3-23-0,out,flu,2
Y,00:00:03:500,flu,2-23-0,out,flu,2
Y,00:00:03:500,flu,1-20-0,out,flu,2
Y,00:00:03:500,flu,4-21-0,out,flu,2
Y,00:00:03:500,flu,28-6-0,out,flu,2
Y,00:00:03:500,flu,29-6-0,out,flu,2
Y,00:00:03:500,flu,28-9-0,out,flu,2
Y,00:00:03:500,flu,31-9-0,out,flu,2
Y,00:00:03:600,flu,2-28-0,out,flu,2
Y,00:00:03:600,flu,2-27-0,out,flu,2
Y,00:00:03:600,flu,5-26-0,out,flu,2
Y,00:00:03:600,flu,4-34-0,out,flu,2
Y,00:00:03:600,flu,5-34-0,out,flu,2
Y,00:00:03:600,flu,21-29-0,out,flu,2
Y,00:00:03:600,flu,2-25-0,out,flu,2
Y,00:00:03:600,flu,3-26-0,out,flu,2
Y,00:00:03:600,flu,7-24-0,out,flu,2
Y,00:00:03:600,flu,2-20-0,out,flu,2
Y,00:00:03:600,flu,4-20-0,out,flu,2
Y,00:00:03:600,flu,27-5-0,out,flu,2
Y,00:00:03:600,flu,27-6-0,out,flu,2
Y,00:00:03:600,flu,27-7-0,out,flu,2
Y,00:00:03:600,flu,30-5-0,out,flu,2
Y,00:00:03:600,flu,30-8-0,out,flu,2
Y,00:00:03:700,flu,2-29-0,out,flu,2
Y,00:00:03:700,flu,3-27-0,out,flu,2
Y,00:00:03:700,flu,6-26-0,out,flu,2
Y,00:00:03:700,flu,6-27-0,out,flu,2
Y,00:00:03:700,flu,3-33-0,out,flu,2
Y,00:00:03:700,flu,20-30-0,out,flu,2
Y,00:00:03:700,flu,2-19-0,out,flu,2
Y,00:00:03:700,flu,1-25-0,out,flu,2
Y,00:00:03:700,flu,1-24-0,out,flu,2
Y,00:00:03:700,flu,8-23-0,out,flu,2
Y,00:00:03:700,flu,26-4-0,out,flu,2
Y,00:00:03:700,flu,28-8-0,out,flu,2
Y,00:00:03:700,flu,31-4-0,out,flu,2
Y,00:00:03:800,flu,1-28-0,out,flu,2
Y,00:00:03:800,flu,1-30-0,out,flu,2
Y,00:00:03:800,flu,2-33-0,out,flu,2
Y,00:00:03:800,flu,2-34-0,out,flu,2
Y,00:00:03:800,flu,3-34-0,out,flu,2
Y,00:00:03:800,flu,4-33-0,out,flu,2
Y,00:00:03:800,flu,19-31-0,out,flu,2
Y,00:00:03:800,flu,21-30-0,out,flu,2
Y,00:00:03:800,flu,21-31-0,out,flu,2
Y,00:00:03:800,flu,1-23-0,out,flu,2
Y,00:00:03:800,flu,0-25-0,out,flu,2
Y,00:00:03:800,flu,2-24-0,out,flu,2
Y,00:00:03:800,flu,0-23-0,out,flu,2
Y,00:00:03:800,flu,9-23-0,out,flu,2
Y,00:00:03:800,flu,25-5-0,out,flu,2
Y,00:00:03:800,flu,27-8-0,out,flu,2
Y,00:00:03:800,flu,28-7-0,out,flu,2
Y,00:00:03:800,flu,31-3-0,out,flu,2
Y,00:00:03:800,flu,32-3-0,out,flu,2
Y,00:00:03:800,flu,32-5-0,out,flu,2
Y,00:00:03:900,flu,0-27-0,out,flu,2
Y,00:00:03:900,flu,1-27-0,out,flu,2
Y,00:00:03:900,flu,0-31-0,out,flu,2
Y,00:00:03:900,flu,22-30-0,out,flu,2
Y,00:00:03:900,flu,21-32-0,out,flu,2
Y,00:00:03:900,flu,22-32-0,out,flu,2
Y,00:00:03:900,flu,0-24-0,out,flu,2
Y,00:00:03:900,flu,0-22-0,out,flu,2
Y,00:00:03:900,flu,1-22-0,out,flu,2
Y,00:00:03:900,flu,8-24-0,out,flu,2
Y,00:00:03:900,flu,10-24-0,out,flu,2
Y,00:00:03:900,flu,24-6-0,out,flu,2
Y,00:00:03:900,flu,26-5-0,out,flu,2
Y,00:00:03:900,flu,26-7-0,out,flu,2
Y,00:00:03:900,flu,30-2-0,out,flu,2
Y,00:00:03:900,flu,30-4-0,out,flu,2
Y,00:00:03:900,flu,33-6-0,out,flu,2
Y,00:00:04:000,flu,0-28-0,out,flu,2
Y,00:00:04:000,flu,1-26-0,out,flu,2
Y,00:00:04:000,flu,2-26-0,out,flu,2
Y,00:00:04:000,flu,0-30-0,out,flu,2
Y,00:00:04:000,flu,22-31-0,out,flu,2
Y,00:00:04:000,flu,23-29-0,out,flu,2
Y,00:00:04:000,flu,20-32-0,out,flu,2
Y,00:00:04:000,flu,20-33-0,out,flu,2
Y,00:00:04:000,flu,21-33-0,out,flu,2
Y,00:00:04:000,flu,9-25-0,out,flu,2
Y,00:00:04:000,flu,26-6-0,out,flu,2
Y,00:00:04:000,flu,31-2-0,out,flu,2
Y,00:00:04:000,flu,31-5-0,out,flu,2
Y,00:00:04:000,flu,33-7-0,out,flu,2
Y,00:00:04:000,flu,34-5-0,out,flu,2
Y,00:00:04:100,flu,1-29-0,out,flu,2
Y,00:00:04:100,flu,23-30-0,out,flu,2
Y,00:00:04:100,flu,19-32-0,out,flu,2
Y,00:00:04:100,flu,19-33-0,out,flu,2
Y,00:00:04:100,flu,19-34-0,out,flu,2
Y,00:00:04:100,flu,22-33-0,out,flu,2
Y,00:00:04:100,flu,30-6-0,out,flu,2
Y,00:00:04:100,flu,31-6-0,out,flu,2
Y,00:00:04:100,flu,32-6-0,out,flu,2
Y,00:00:04:100,flu,34-6-0,out,flu,2
Y,00:00:04:200,flu,2-30-0,out,flu,2
Y,00:00:04:200,flu,20-34-0,out,flu,2
Y,00:00:04:200,flu,21-34-0,out,flu,2
Y,00:00:04:200,flu,23-34-0,out,flu,2
Y,00:00:04:200,flu,31-7-0,out,flu,2
Y,00:00:04:200,flu,34-7-0,out,flu,2
Y,00:00:04:300,flu,1-31-0,out,flu,2
Y,00:00:04:300,flu,33-8-0,out,flu,2
Y,00:00:04:400,flu,34-9-0,out,flu,2
