Y,00:00:00:000,employeebehaviour,0-0-0,out,employeebehaviour,1
Y,00:00:00:000,employeebehaviour,0-0-1,out,employeebehaviour,1
Y,00:00:00:000,employeebehaviour,0-0-2,out,employeebehaviour,1
Y,00:00:00:000,employeebehaviour,0-1-0,out,employeebehaviour,1
Y,00:00:00:000,employeebehaviour,0-1-1,out,employeebehaviour,1
Y,00:00:00:000,employeebehaviour,0-1-2,out,employeebehaviour,1
Y,00:00:00:000,employeebehaviour,0-2-0,out,employeebehaviour,1
Y,00:00:00:000,employeebehaviour,0-2-1,out,employeebehaviour,1
Y,00:00:00:000,employeebehaviour,0-2-2,out,employeebehaviour,1
Y,00:00:00:000,employeebehaviour,0-3-0,out,employeebehaviour,-1
Y,00:00:00:000,employeebehaviour,0-3-1,out,employeebehaviour,1
Y,00:00:00:000,employeebehaviour,0-3-2,out,employeebehaviour,2
Y,00:00:00:000,employeebehaviour,0-4-0,out,employeebehaviour,-1
Y,00:00:00:000,employeebehaviour,0-4-1,out,employeebehaviour,1
Y,00:00:00:000,employeebehaviour,0-4-2,out,employeebehaviour,2
Y,00:00:00:000,employeebehaviour,0-5-0,out,employeebehaviour,-1
Y,00:00:00:000,employeebehaviour,0-5-1,out,employeebehaviour,1
Y,00:00:00:000,employeebehaviour,0-5-2,out,employeebehaviour,3
Y,00:00:00:000,employeebehaviour,0-6-0,out,employeebehaviour,0
Y,00:00:00:000,employeebehaviour,0-6-1,out,employeebehaviour,1
Y,00:00:00:000,employeebehaviour,0-6-2,out,employeebehaviour,1
Y,00:00:00:000,employeebehaviour,0-7-0,out,employeebehaviour,0
Y,00:00:00:000,employeebehaviour,0-7-1,out,employeebehaviour,2
Y,00:00:00:000,employeebehaviour,0-7-2,out,employeebehaviour,1
Y,00:00:00:000,employeebehaviour,0-8-0,out,employeebehaviour,0
Y,00:00:00:000,employeebehaviour,0-8-1,out,employeebehaviour,2
Y,00:00:00:000,employeebehaviour,0-8-2,out,employeebehaviour,3
Y,00:00:00:000,employeebehaviour,0-9-0,out,employeebehaviour,-1
Y,00:00:00:000,employeebehaviour,0-9-1,out,employeebehaviour,2
Y,00:00:00:000,employeebehaviour,0-9-2,out,employeebehaviour,3
Y,00:00:00:000,employeebehaviour,0-10-0,out,employeebehaviour,-1
Y,00:00:00:000,employeebehaviour,0-10-1,out,employeebehaviour,2
Y,00:00:00:000,employeebehaviour,0-10-2,out,employeebehaviour,3
Y,00:00:00:000,employeebehaviour,0-11-0,out,employeebehaviour,-1
Y,00:00:00:000,employeebehaviour,0-11-1,out,employeebehaviour,2
Y,00:00:00:000,employeebehaviour,0-11-2,out,employeebehaviour,3
Y,00:00:00:000,employeebehaviour,0-12-0,out,employeebehaviour,-1
Y,00:00:00:000,employeebehaviour,0-12-1,out,employeebehaviour,2
Y,00:00:00:000,employeebehaviour,0-12-2,out,employeebehaviour,3
Y,00:00:00:000,employeebehaviour,0-13-0,out,employeebehaviour,1
Y,00:00:00:000,employeebehaviour,0-13-1,out,employeebehaviour,2
Y,00:00:00:000,employeebehaviour,0-13-2,out,employeebehaviour,2
Y,00:00:00:000,employeebehaviour,0-14-0,out,employeebehaviour,1
Y,00:00:00:000,employeebehaviour,0-14-1,out,employeebehaviour,3
Y,00:00:00:000,employeebehaviour,0-14-2,out,employeebehaviour,2
Y,00:00:00:000,employeebehaviour,1-0-0,out,employeebehaviour,1
Y,00:00:00:000,employeebehaviour,1-0-1,out,employeebehaviour,3
Y,00:00:00:000,employeebehaviour,1-0-2,out,employeebehaviour,2
Y,00:00:00:000,employeebehaviour,1-1-0,out,employeebehaviour,1
Y,00:00:00:000,employeebehaviour,1-1-1,out,employeebehaviour,3
Y,00:00:00:000,employeebehaviour,1-1-2,out,employeebehaviour,3
Y,00:00:00:000,employeebehaviour,1-2-0,out,employeebehaviour,1
Y,00:00:00:000,employeebehaviour,1-2-1,out,employeebehaviour,3
Y,00:00:00:000,employeebehaviour,1-2-2,out,employeebehaviour,3
Y,00:00:00:000,employeebehaviour,1-3-0,out,employeebehaviour,1
Y,00:00:00:000,employeebehaviour,1-3-1,out,employeebehaviour,3
Y,00:00:00:000,employeebehaviour,1-3-2,out,employeebehaviour,2
Y,00:00:00:000,employeebehaviour,1-4-0,out,employeebehaviour,0
Y,00:00:00:000,employeebehaviour,1-4-1,out,employeebehaviour,3
Y,00:00:00:000,employeebehaviour,1-4-2,out,employeebehaviour,2
Y,00:00:00:000,employeebehaviour,1-5-0,out,employeebehaviour,0
Y,00:00:00:000,employeebehaviour,1-5-1,out,employeebehaviour,3
Y,00:00:00:000,employeebehaviour,1-5-2,out,employeebehaviour,1
Y,00:00:00:000,employeebehaviour,1-6-0,out,employeebehaviour,1
Y,00:00:00:000,employeebehaviour,1-6-1,out,employeebehaviour,1
Y,00:00:00:000,employeebehaviour,1-6-2,out,employeebehaviour,1
Y,00:00:00:000,employeebehaviour,1-7-0,out,employeebehaviour,1
Y,00:00:00:000,employeebehaviour,1-7-1,out,employeebehaviour,2
Y,00:00:00:000,employeebehaviour,1-7-2,out,employeebehaviour,1
Y,00:00:00:000,employeebehaviour,1-8-0,out,employeebehaviour,0
Y,00:00:00:000,employeebehaviour,1-8-1,out,employeebehaviour,3
Y,00:00:00:000,employeebehaviour,1-8-2,out,employeebehaviour,1
Y,00:00:00:000,employeebehaviour,1-9-0,out,employeebehaviour,0
Y,00:00:00:000,employeebehaviour,1-9-1,out,employeebehaviour,3
Y,00:00:00:000,employeebehaviour,1-9-2,out,employeebehaviour,1
Y,00:00:00:000,employeebehaviour,1-10-0,out,employeebehaviour,-1
Y,00:00:00:000,employeebehaviour,1-10-1,out,employeebehaviour,3
Y,00:00:00:000,employeebehaviour,1-10-2,out,employeebehaviour,1
Y,00:00:00:000,employeebehaviour,1-11-0,out,employeebehaviour,-1
Y,00:00:00:000,employeebehaviour,1-11-1,out,employeebehaviour,3
Y,00:00:00:000,employeebehaviour,1-11-2,out,employeebehaviour,3
Y,00:00:00:000,employeebehaviour,1-12-0,out,employeebehaviour,-1
Y,00:00:00:000,employeebehaviour,1-12-1,out,employeebehaviour,3
Y,00:00:00:000,employeebehaviour,1-12-2,out,employeebehaviour,3
Y,00:00:00:000,employeebehaviour,1-13-0,out,employeebehaviour,-1
Y,00:00:00:000,employeebehaviour,1-13-1,out,employeebehaviour,2
Y,00:00:00:000,employeebehaviour,1-13-2,out,employeebehaviour,3
Y,00:00:00:000,employeebehaviour,1-14-0,out,employeebehaviour,-1
Y,00:00:00:000,employeebehaviour,1-14-1,out,employeebehaviour,1
Y,00:00:00:000,employeebehaviour,1-14-2,out,employeebehaviour,3
Y,00:00:00:000,employeebehaviour,2-0-0,out,employeebehaviour,-1
Y,00:00:00:000,employeebehaviour,2-0-1,out,employeebehaviour,1
Y,00:00:00:000,employeebehaviour,2-0-2,out,employeebehaviour,3
Y,00:00:00:000,employeebehaviour,2-1-0,out,employeebehaviour,0
Y,00:00:00:000,employeebehaviour,2-1-1,out,employeebehaviour,2
Y,00:00:00:000,employeebehaviour,2-1-2,out,employeebehaviour,3
Y,00:00:00:000,employeebehaviour,2-2-0,out,employeebehaviour,0
Y,00:00:00:000,employeebehaviour,2-2-1,out,employeebehaviour,2
Y,00:00:00:000,employeebehaviour,2-2-2,out,employeebehaviour,1
Y,00:00:00:000,employeebehaviour,2-3-0,out,employeebehaviour,0
Y,00:00:00:000,employeebehaviour,2-3-1,out,employeebehaviour,2
Y,00:00:00:000,employeebehaviour,2-3-2,out,employeebehaviour,1
Y,00:00:00:000,employeebehaviour,2-4-0,out,employeebehaviour,0
Y,00:00:00:000,employeebehaviour,2-4-1,out,employeebehaviour,2
Y,00:00:00:000,employeebehaviour,2-4-2,out,employeebehaviour,1
Y,00:00:00:000,employeebehaviour,2-5-0,out,employeebehaviour,0
Y,00:00:00:000,employeebehaviour,2-5-1,out,employeebehaviour,2
Y,00:00:00:000,employeebehaviour,2-5-2,out,employeebehaviour,1
Y,00:00:00:000,employeebehaviour,2-6-0,out,employeebehaviour,0
Y,00:00:00:000,employeebehaviour,2-6-1,out,employeebehaviour,2
Y,00:00:00:000,employeebehaviour,2-6-2,out,employeebehaviour,1
Y,00:00:00:000,employeebehaviour,2-7-0,out,employeebehaviour,0
Y,00:00:00:000,employeebehaviour,2-7-1,out,employeebehaviour,2
Y,00:00:00:000,employeebehaviour,2-7-2,out,employeebehaviour,2
Y,00:00:00:000,employeebehaviour,2-8-0,out,employeebehaviour,0
Y,00:00:00:000,employeebehaviour,2-8-1,out,employeebehaviour,3
Y,00:00:00:000,employeebehaviour,2-8-2,out,employeebehaviour,2
Y,00:00:00:000,employeebehaviour,2-9-0,out,employeebehaviour,-1
Y,00:00:00:000,employeebehaviour,2-9-1,out,employeebehaviour,1
Y,00:00:00:000,employeebehaviour,2-9-2,out,employeebehaviour,2
Y,00:00:00:000,employeebehaviour,2-10-0,out,employeebehaviour,1
Y,00:00:00:000,employeebehaviour,2-10-1,out,employeebehaviour,1
Y,00:00:00:000,employeebehaviour,2-10-2,out,employeebehaviour,2
Y,00:00:00:000,employeebehaviour,2-11-0,out,employeebehaviour,1
Y,00:00:00:000,employeebehaviour,2-11-1,out,employeebehaviour,1
Y,00:00:00:000,employeebehaviour,2-11-2,out,employeebehaviour,2
Y,00:00:00:000,employeebehaviour,2-12-0,out,employeebehaviour,1
Y,00:00:00:000,employeebehaviour,2-12-1,out,employeebehaviour,1
Y,00:00:00:000,employeebehaviour,2-12-2,out,employeebehaviour,1
Y,00:00:00:000,employeebehaviour,2-13-0,out,employeebehaviour,1
Y,00:00:00:000,employeebehaviour,2-13-1,out,employeebehaviour,3
Y,00:00:00:000,employeebehaviour,2-13-2,out,employeebehaviour,1
Y,00:00:00:000,employeebehaviour,2-14-0,out,employeebehaviour,1
Y,00:00:00:000,employeebehaviour,2-14-1,out,employeebehaviour,3
Y,00:00:00:000,employeebehaviour,2-14-2,out,employeebehaviour,1
Y,00:00:00:000,employeebehaviour,3-0-0,out,employeebehaviour,1
Y,00:00:00:000,employeebehaviour,3-0-1,out,employeebehaviour,2
Y,00:00:00:000,employeebehaviour,3-0-2,out,employeebehaviour,1
Y,00:00:00:000,employeebehaviour,3-1-0,out,employeebehaviour,0
Y,00:00:00:000,employeebehaviour,3-1-1,out,employeebehaviour,2
Y,00:00:00:000,employeebehaviour,3-1-2,out,employeebehaviour,1
Y,00:00:00:000,employeebehaviour,3-2-0,out,employeebehaviour,0
Y,00:00:00:000,employeebehaviour,3-2-1,out,employeebehaviour,2
Y,00:00:00:000,employeebehaviour,3-2-2,out,employeebehaviour,3
Y,00:00:00:000,employeebehaviour,3-3-0,out,employeebehaviour,0
Y,00:00:00:000,employeebehaviour,3-3-1,out,employeebehaviour,2
Y,00:00:00:000,employeebehaviour,3-3-2,out,employeebehaviour,3
Y,00:00:00:000,employeebehaviour,3-4-0,out,employeebehaviour,-1
Y,00:00:00:000,employeebehaviour,3-4-1,out,employeebehaviour,2
Y,00:00:00:000,employeebehaviour,3-4-2,out,employeebehaviour,3
Y,00:00:00:000,employeebehaviour,3-5-0,out,employeebehaviour,-1
Y,00:00:00:000,employeebehaviour,3-5-1,out,employeebehaviour,3
Y,00:00:00:000,employeebehaviour,3-5-2,out,employeebehaviour,3
Y,00:00:00:000,employeebehaviour,3-6-0,out,employeebehaviour,-1
Y,00:00:00:000,employeebehaviour,3-6-1,out,employeebehaviour,3
Y,00:00:00:000,employeebehaviour,3-6-2,out,employeebehaviour,3
Y,00:00:00:000,employeebehaviour,3-7-0,out,employeebehaviour,-1
Y,00:00:00:000,employeebehaviour,3-7-1,out,employeebehaviour,3
Y,00:00:00:000,employeebehaviour,3-7-2,out,employeebehaviour,3
Y,00:00:00:000,employeebehaviour,3-8-0,out,employeebehaviour,-1
Y,00:00:00:000,employeebehaviour,3-8-1,out,employeebehaviour,3
Y,00:00:00:000,employeebehaviour,3-8-2,out,employeebehaviour,3
Y,00:00:00:000,employeebehaviour,3-9-0,out,employeebehaviour,1
Y,00:00:00:000,employeebehaviour,3-9-1,out,employeebehaviour,3
Y,00:00:00:000,employeebehaviour,3-9-2,out,employeebehaviour,2
Y,00:00:00:000,employeebehaviour,3-10-0,out,employeebehaviour,1
Y,00:00:00:000,employeebehaviour,3-10-1,out,employeebehaviour,3
Y,00:00:00:000,employeebehaviour,3-10-2,out,employeebehaviour,2
Y,00:00:00:000,employeebehaviour,3-11-0,out,employeebehaviour,1
Y,00:00:00:000,employeebehaviour,3-11-1,out,employeebehaviour,3
Y,00:00:00:000,employeebehaviour,3-11-2,out,employeebehaviour,2
Y,00:00:00:000,employeebehaviour,3-12-0,out,employeebehaviour,0
Y,00:00:00:000,employeebehaviour,3-12-1,out,employeebehaviour,1
Y,00:00:00:000,employeebehaviour,3-12-2,out,employeebehaviour,2
Y,00:00:00:000,employeebehaviour,3-13-0,out,employeebehaviour,1
Y,00:00:00:000,employeebehaviour,3-13-1,out,employeebehaviour,1
Y,00:00:00:000,employeebehaviour,3-13-2,out,employeebehaviour,2
Y,00:00:00:000,employeebehaviour,3-14-0,out,employeebehaviour,-1
Y,00:00:00:000,employeebehaviour,3-14-1,out,employeebehaviour,1
Y,00:00:00:000,employeebehaviour,3-14-2,out,employeebehaviour,2
Y,00:00:00:000,employeebehaviour,4-0-0,out,employeebehaviour,1
Y,00:00:00:000,employeebehaviour,4-0-1,out,employeebehaviour,1
Y,00:00:00:000,employeebehaviour,4-0-2,out,employeebehaviour,1
Y,00:00:00:000,employeebehaviour,4-1-0,out,employeebehaviour,1
Y,00:00:00:000,employeebehaviour,4-1-1,out,employeebehaviour,1
Y,00:00:00:000,employeebehaviour,4-1-2,out,employeebehaviour,2
Y,00:00:00:000,employeebehaviour,4-2-0,out,employeebehaviour,1
Y,00:00:00:000,employeebehaviour,4-2-1,out,employeebehaviour,3
Y,00:00:00:000,employeebehaviour,4-2-2,out,employeebehaviour,3
Y,00:00:00:000,employeebehaviour,4-3-0,out,employeebehaviour,1
Y,00:00:00:000,employeebehaviour,4-3-1,out,employeebehaviour,1
Y,00:00:00:000,employeebehaviour,4-3-2,out,employeebehaviour,1
Y,00:00:00:000,employeebehaviour,4-4-0,out,employeebehaviour,-1
Y,00:00:00:000,employeebehaviour,4-4-1,out,employeebehaviour,2
Y,00:00:00:000,employeebehaviour,4-4-2,out,employeebehaviour,1
Y,00:00:00:000,employeebehaviour,4-5-0,out,employeebehaviour,-1
Y,00:00:00:000,employeebehaviour,4-5-1,out,employeebehaviour,2
Y,00:00:00:000,employeebehaviour,4-5-2,out,employeebehaviour,2
Y,00:00:00:000,employeebehaviour,4-6-0,out,employeebehaviour,-1
Y,00:00:00:000,employeebehaviour,4-6-1,out,employeebehaviour,2
Y,00:00:00:000,employeebehaviour,4-6-2,out,employeebehaviour,2
Y,00:00:00:000,employeebehaviour,4-7-0,out,employeebehaviour,-1
Y,00:00:00:000,employeebehaviour,4-7-1,out,employeebehaviour,2
Y,00:00:00:000,employeebehaviour,4-7-2,out,employeebehaviour,3
Y,00:00:00:000,employeebehaviour,4-8-0,out,employeebehaviour,-1
Y,00:00:00:000,employeebehaviour,4-8-1,out,employeebehaviour,2
Y,00:00:00:000,employeebehaviour,4-8-2,out,employeebehaviour,3
Y,00:00:00:000,employeebehaviour,4-9-0,out,employeebehaviour,0
Y,00:00:00:000,employeebehaviour,4-9-1,out,employeebehaviour,2
Y,00:00:00:000,employeebehaviour,4-9-2,out,employeebehaviour,1
Y,00:00:00:000,employeebehaviour,4-10-0,out,employeebehaviour,0
Y,00:00:00:000,employeebehaviour,4-10-1,out,employeebehaviour,1
Y,00:00:00:000,employeebehaviour,4-10-2,out,employeebehaviour,1
Y,00:00:00:000,employeebehaviour,4-11-0,out,employeebehaviour,0
Y,00:00:00:000,employeebehaviour,4-11-1,out,employeebehaviour,1
Y,00:00:00:000,employeebehaviour,4-11-2,out,employeebehaviour,1
Y,00:00:00:000,employeebehaviour,4-12-0,out,employeebehaviour,1
Y,00:00:00:000,employeebehaviour,4-12-1,out,employeebehaviour,1
Y,00:00:00:000,employeebehaviour,4-12-2,out,employeebehaviour,1
Y,00:00:00:000,employeebehaviour,4-13-0,out,employeebehaviour,1
Y,00:00:00:000,employeebehaviour,4-13-1,out,employeebehaviour,1
Y,00:00:00:000,employeebehaviour,4-13-2,out,employeebehaviour,2
Y,00:00:00:000,employeebehaviour,4-14-0,out,employeebehaviour,1
Y,00:00:00:000,employeebehaviour,4-14-1,out,employeebehaviour,1
Y,00:00:00:000,employeebehaviour,4-14-2,out,employeebehaviour,2
Y,00:00:00:000,employeebehaviour,5-0-0,out,employeebehaviour,0
Y,00:00:00:000,employeebehaviour,5-0-1,out,employeebehaviour,2
Y,00:00:00:000,employeebehaviour,5-0-2,out,employeebehaviour,2
Y,00:00:00:000,employeebehaviour,5-1-0,out,employeebehaviour,0
Y,00:00:00:000,employeebehaviour,5-1-1,out,employeebehaviour,2
Y,00:00:00:000,employeebehaviour,5-1-2,out,employeebehaviour,2
Y,00:00:00:000,employeebehaviour,5-2-0,out,employeebehaviour,0
Y,00:00:00:000,employeebehaviour,5-2-1,out,employeebehaviour,2
Y,00:00:00:000,employeebehaviour,5-2-2,out,employeebehaviour,3
Y,00:00:00:000,employeebehaviour,5-3-0,out,employeebehaviour,0
Y,00:00:00:000,employeebehaviour,5-3-1,out,employeebehaviour,3
Y,00:00:00:000,employeebehaviour,5-3-2,out,employeebehaviour,3
Y,00:00:00:000,employeebehaviour,5-4-0,out,employeebehaviour,0
Y,00:00:00:000,employeebehaviour,5-4-1,out,employeebehaviour,3
Y,00:00:00:000,employeebehaviour,5-4-2,out,employeebehaviour,3
Y,00:00:00:000,employeebehaviour,5-5-0,out,employeebehaviour,0
Y,00:00:00:000,employeebehaviour,5-5-1,out,employeebehaviour,3
Y,00:00:00:000,employeebehaviour,5-5-2,out,employeebehaviour,3
Y,00:00:00:000,employeebehaviour,5-6-0,out,employeebehaviour,0
Y,00:00:00:000,employeebehaviour,5-6-1,out,employeebehaviour,1
Y,00:00:00:000,employeebehaviour,5-6-2,out,employeebehaviour,3
Y,00:00:00:000,employeebehaviour,5-7-0,out,employeebehaviour,1
Y,00:00:00:000,employeebehaviour,5-7-1,out,employeebehaviour,1
Y,00:00:00:000,employeebehaviour,5-7-2,out,employeebehaviour,2
Y,00:00:00:000,employeebehaviour,5-8-0,out,employeebehaviour,1
Y,00:00:00:000,employeebehaviour,5-8-1,out,employeebehaviour,1
Y,00:00:00:000,employeebehaviour,5-8-2,out,employeebehaviour,2
Y,00:00:00:000,employeebehaviour,5-9-0,out,employeebehaviour,1
Y,00:00:00:000,employeebehaviour,5-9-1,out,employeebehaviour,2
Y,00:00:00:000,employeebehaviour,5-9-2,out,employeebehaviour,2
Y,00:00:00:000,employeebehaviour,5-10-0,out,employeebehaviour,1
Y,00:00:00:000,employeebehaviour,5-10-1,out,employeebehaviour,3
Y,00:00:00:000,employeebehaviour,5-10-2,out,employeebehaviour,2
Y,00:00:00:000,employeebehaviour,5-11-0,out,employeebehaviour,-1
Y,00:00:00:000,employeebehaviour,5-11-1,out,employeebehaviour,3
Y,00:00:00:000,employeebehaviour,5-11-2,out,employeebehaviour,2
Y,00:00:00:000,employeebehaviour,5-12-0,out,employeebehaviour,-1
Y,00:00:00:000,employeebehaviour,5-12-1,out,employeebehaviour,1
Y,00:00:00:000,employeebehaviour,5-12-2,out,employeebehaviour,2
Y,00:00:00:000,employeebehaviour,5-13-0,out,employeebehaviour,-1
Y,00:00:00:000,employeebehaviour,5-13-1,out,employeebehaviour,3
Y,00:00:00:000,employeebehaviour,5-13-2,out,employeebehaviour,3
Y,00:00:00:000,employeebehaviour,5-14-0,out,employeebehaviour,-1
Y,00:00:00:000,employeebehaviour,5-14-1,out,employeebehaviour,1
Y,00:00:00:000,employeebehaviour,5-14-2,out,employeebehaviour,3
Y,00:00:00:000,employeebehaviour,6-0-0,out,employeebehaviour,-1
Y,00:00:00:000,employeebehaviour,6-0-1,out,employeebehaviour,1
Y,00:00:00:000,employeebehaviour,6-0-2,out,employeebehaviour,3
Y,00:00:00:000,employeebehaviour,6-1-0,out,employeebehaviour,-1
Y,00:00:00:000,employeebehaviour,6-1-1,out,employeebehaviour,1
Y,00:00:00:000,employeebehaviour,6-1-2,out,employeebehaviour,3
Y,00:00:00:000,employeebehaviour,6-2-0,out,employeebehaviour,0
Y,00:00:00:000,employeebehaviour,6-2-1,out,employeebehaviour,1
Y,00:00:00:000,employeebehaviour,6-2-2,out,employeebehaviour,3
Y,00:00:00:000,employeebehaviour,6-3-0,out,employeebehaviour,0
Y,00:00:00:000,employeebehaviour,6-3-1,out,employeebehaviour,1
Y,00:00:00:000,employeebehaviour,6-3-2,out,employeebehaviour,1
Y,00:00:00:000,employeebehaviour,6-4-0,out,employeebehaviour,0
Y,00:00:00:000,employeebehaviour,6-4-1,out,employeebehaviour,1
Y,00:00:00:000,employeebehaviour,6-4-2,out,employeebehaviour,1
Y,00:00:00:000,employeebehaviour,6-5-0,out,employeebehaviour,0
Y,00:00:00:000,employeebehaviour,6-5-1,out,employeebehaviour,2
Y,00:00:00:000,employeebehaviour,6-5-2,out,employeebehaviour,1
Y,00:00:00:000,employeebehaviour,6-6-0,out,employeebehaviour,-1
Y,00:00:00:000,employeebehaviour,6-6-1,out,employeebehaviour,2
Y,00:00:00:000,employeebehaviour,6-6-2,out,employeebehaviour,1
Y,00:00:00:000,employeebehaviour,6-7-0,out,employeebehaviour,-1
Y,00:00:00:000,employeebehaviour,6-7-1,out,employeebehaviour,2
Y,00:00:00:000,employeebehaviour,6-7-2,out,employeebehaviour,2
Y,00:00:00:000,employeebehaviour,6-8-0,out,employeebehaviour,-1
Y,00:00:00:000,employeebehaviour,6-8-1,out,employeebehaviour,3
Y,00:00:00:000,employeebehaviour,6-8-2,out,employeebehaviour,2
Y,00:00:00:000,employeebehaviour,6-9-0,out,employeebehaviour,-1
Y,00:00:00:000,employeebehaviour,6-9-1,out,employeebehaviour,1
Y,00:00:00:000,employeebehaviour,6-9-2,out,employeebehaviour,2
Y,00:00:00:000,employeebehaviour,6-10-0,out,employeebehaviour,1
Y,00:00:00:000,employeebehaviour,6-10-1,out,employeebehaviour,3
Y,00:00:00:000,employeebehaviour,6-10-2,out,employeebehaviour,2
Y,00:00:00:000,employeebehaviour,6-11-0,out,employeebehaviour,0
Y,00:00:00:000,employeebehaviour,6-11-1,out,employeebehaviour,3
Y,00:00:00:000,employeebehaviour,6-11-2,out,employeebehaviour,2
Y,00:00:00:000,employeebehaviour,6-12-0,out,employeebehaviour,-1
Y,00:00:00:000,employeebehaviour,6-12-1,out,employeebehaviour,3
Y,00:00:00:000,employeebehaviour,6-12-2,out,employeebehaviour,2
Y,00:00:00:000,employeebehaviour,6-13-0,out,employeebehaviour,-1
Y,00:00:00:000,employeebehaviour,6-13-1,out,employeebehaviour,2
Y,00:00:00:000,employeebehaviour,6-13-2,out,employeebehaviour,3
Y,00:00:00:000,employeebehaviour,6-14-0,out,employeebehaviour,-1
Y,00:00:00:000,employeebehaviour,6-14-1,out,employeebehaviour,1
Y,00:00:00:000,employeebehaviour,6-14-2,out,employeebehaviour,3
Y,00:00:00:000,employeebehaviour,7-0-0,out,employeebehaviour,-1
Y,00:00:00:000,employeebehaviour,7-0-1,out,employeebehaviour,1
Y,00:00:00:000,employeebehaviour,7-0-2,out,employeebehaviour,3
Y,00:00:00:000,employeebehaviour,7-1-0,out,employeebehaviour,1
Y,00:00:00:000,employeebehaviour,7-1-1,out,employeebehaviour,1
Y,00:00:00:000,employeebehaviour,7-1-2,out,employeebehaviour,3
Y,00:00:00:000,employeebehaviour,7-2-0,out,employeebehaviour,0
Y,00:00:00:000,employeebehaviour,7-2-1,out,employeebehaviour,1
Y,00:00:00:000,employeebehaviour,7-2-2,out,employeebehaviour,3
Y,00:00:00:000,employeebehaviour,7-3-0,out,employeebehaviour,0
Y,00:00:00:000,employeebehaviour,7-3-1,out,employeebehaviour,3
Y,00:00:00:000,employeebehaviour,7-3-2,out,employeebehaviour,1
Y,00:00:00:000,employeebehaviour,7-4-0,out,employeebehaviour,0
Y,00:00:00:000,employeebehaviour,7-4-1,out,employeebehaviour,1
Y,00:00:00:000,employeebehaviour,7-4-2,out,employeebehaviour,1
Y,00:00:00:000,employeebehaviour,7-5-0,out,employeebehaviour,1
Y,00:00:00:000,employeebehaviour,7-5-1,out,employeebehaviour,1
Y,00:00:00:000,employeebehaviour,7-5-2,out,employeebehaviour,1
Y,00:00:00:000,employeebehaviour,7-6-0,out,employeebehaviour,1
Y,00:00:00:000,employeebehaviour,7-6-1,out,employeebehaviour,1
Y,00:00:00:000,employeebehaviour,7-6-2,out,employeebehaviour,1
Y,00:00:00:000,employeebehaviour,7-7-0,out,employeebehaviour,1
Y,00:00:00:000,employeebehaviour,7-7-1,out,employeebehaviour,1
Y,00:00:00:000,employeebehaviour,7-7-2,out,employeebehaviour,1
Y,00:00:00:000,employeebehaviour,7-8-0,out,employeebehaviour,1
Y,00:00:00:000,employeebehaviour,7-8-1,out,employeebehaviour,2
Y,00:00:00:000,employeebehaviour,7-8-2,out,employeebehaviour,1
Y,00:00:00:000,employeebehaviour,7-9-0,out,employeebehaviour,1
Y,00:00:00:000,employeebehaviour,7-9-1,out,employeebehaviour,2
Y,00:00:00:000,employeebehaviour,7-9-2,out,employeebehaviour,1
Y,00:00:00:000,employeebehaviour,7-10-0,out,employeebehaviour,-1
Y,00:00:00:000,employeebehaviour,7-10-1,out,employeebehaviour,2
Y,00:00:00:000,employeebehaviour,7-10-2,out,employeebehaviour,2
Y,00:00:00:000,employeebehaviour,7-11-0,out,employeebehaviour,-1
Y,00:00:00:000,employeebehaviour,7-11-1,out,employeebehaviour,2
Y,00:00:00:000,employeebehaviour,7-11-2,out,employeebehaviour,2
Y,00:00:00:000,employeebehaviour,7-12-0,out,employeebehaviour,-1
Y,00:00:00:000,employeebehaviour,7-12-1,out,employeebehaviour,1
Y,00:00:00:000,employeebehaviour,7-12-2,out,employeebehaviour,2
Y,00:00:00:000,employeebehaviour,7-13-0,out,employeebehaviour,-1
Y,00:00:00:000,employeebehaviour,7-13-1,out,employeebehaviour,2
Y,00:00:00:000,employeebehaviour,7-13-2,out,employeebehaviour,2
Y,00:00:00:000,employeebehaviour,7-14-0,out,employeebehaviour,-1
Y,00:00:00:000,employeebehaviour,7-14-1,out,employeebehaviour,3
Y,00:00:00:000,employeebehaviour,7-14-2,out,employeebehaviour,3
Y,00:00:00:000,employeebehaviour,8-0-0,out,employeebehaviour,0
Y,00:00:00:000,employeebehaviour,8-0-1,out,employeebehaviour,1
Y,00:00:00:000,employeebehaviour,8-0-2,out,employeebehaviour,3
Y,00:00:00:000,employeebehaviour,8-1-0,out,employeebehaviour,0
Y,00:00:00:000,employeebehaviour,8-1-1,out,employeebehaviour,1
Y,00:00:00:000,employeebehaviour,8-1-2,out,employeebehaviour,3
Y,00:00:00:000,employeebehaviour,8-2-0,out,employeebehaviour,0
Y,00:00:00:000,employeebehaviour,8-2-1,out,employeebehaviour,1
Y,00:00:00:000,employeebehaviour,8-2-2,out,employeebehaviour,3
Y,00:00:00:000,employeebehaviour,8-3-0,out,employeebehaviour,0
Y,00:00:00:000,employeebehaviour,8-3-1,out,employeebehaviour,1
Y,00:00:00:000,employeebehaviour,8-3-2,out,employeebehaviour,1
Y,00:00:00:000,employeebehaviour,8-4-0,out,employeebehaviour,0
Y,00:00:00:000,employeebehaviour,8-4-1,out,employeebehaviour,1
Y,00:00:00:000,employeebehaviour,8-4-2,out,employeebehaviour,1
Y,00:00:00:000,employeebehaviour,8-5-0,out,employeebehaviour,-1
Y,00:00:00:000,employeebehaviour,8-5-1,out,employeebehaviour,3
Y,00:00:00:000,employeebehaviour,8-5-2,out,employeebehaviour,1
Y,00:00:00:000,employeebehaviour,8-6-0,out,employeebehaviour,-1
Y,00:00:00:000,employeebehaviour,8-6-1,out,employeebehaviour,3
Y,00:00:00:000,employeebehaviour,8-6-2,out,employeebehaviour,1
Y,00:00:00:000,employeebehaviour,8-7-0,out,employeebehaviour,-1
Y,00:00:00:000,employeebehaviour,8-7-1,out,employeebehaviour,3
Y,00:00:00:000,employeebehaviour,8-7-2,out,employeebehaviour,1
Y,00:00:00:000,employeebehaviour,8-8-0,out,employeebehaviour,0
Y,00:00:00:000,employeebehaviour,8-8-1,out,employeebehaviour,3
Y,00:00:00:000,employeebehaviour,8-8-2,out,employeebehaviour,3
Y,00:00:00:000,employeebehaviour,8-9-0,out,employeebehaviour,0
Y,00:00:00:000,employeebehaviour,8-9-1,out,employeebehaviour,3
Y,00:00:00:000,employeebehaviour,8-9-2,out,employeebehaviour,1
Y,00:00:00:000,employeebehaviour,8-10-0,out,employeebehaviour,0
Y,00:00:00:000,employeebehaviour,8-10-1,out,employeebehaviour,2
Y,00:00:00:000,employeebehaviour,8-10-2,out,employeebehaviour,2
Y,00:00:00:000,employeebehaviour,8-11-0,out,employeebehaviour,1
Y,00:00:00:000,employeebehaviour,8-11-1,out,employeebehaviour,2
Y,00:00:00:000,employeebehaviour,8-11-2,out,employeebehaviour,1
Y,00:00:00:000,employeebehaviour,8-12-0,out,employeebehaviour,1
Y,00:00:00:000,employeebehaviour,8-12-1,out,employeebehaviour,2
Y,00:00:00:000,employeebehaviour,8-12-2,out,employeebehaviour,1
Y,00:00:00:000,employeebehaviour,8-13-0,out,employeebehaviour,0
Y,00:00:00:000,employeebehaviour,8-13-1,out,employeebehaviour,2
Y,00:00:00:000,employeebehaviour,8-13-2,out,employeebehaviour,1
Y,00:00:00:000,employeebehaviour,8-14-0,out,employeebehaviour,-1
Y,00:00:00:000,employeebehaviour,8-14-1,out,employeebehaviour,1
Y,00:00:00:000,employeebehaviour,8-14-2,out,employeebehaviour,3
Y,00:00:00:000,employeebehaviour,9-0-0,out,employeebehaviour,-1
Y,00:00:00:000,employeebehaviour,9-0-1,out,employeebehaviour,1
Y,00:00:00:000,employeebehaviour,9-0-2,out,employeebehaviour,3
Y,00:00:00:000,employeebehaviour,9-1-0,out,employeebehaviour,-1
Y,00:00:00:000,employeebehaviour,9-1-1,out,employeebehaviour,2
Y,00:00:00:000,employeebehaviour,9-1-2,out,employeebehaviour,3
Y,00:00:00:000,employeebehaviour,9-2-0,out,employeebehaviour,-1
Y,00:00:00:000,employeebehaviour,9-2-1,out,employeebehaviour,2
Y,00:00:00:000,employeebehaviour,9-2-2,out,employeebehaviour,2
Y,00:00:00:000,employeebehaviour,9-3-0,out,employeebehaviour,1
Y,00:00:00:000,employeebehaviour,9-3-1,out,employeebehaviour,3
Y,00:00:00:000,employeebehaviour,9-3-2,out,employeebehaviour,2
Y,00:00:00:000,employeebehaviour,9-4-0,out,employeebehaviour,1
Y,00:00:00:000,employeebehaviour,9-4-1,out,employeebehaviour,3
Y,00:00:00:000,employeebehaviour,9-4-2,out,employeebehaviour,2
Y,00:00:00:000,employeebehaviour,9-5-0,out,employeebehaviour,1
Y,00:00:00:000,employeebehaviour,9-5-1,out,employeebehaviour,3
Y,00:00:00:000,employeebehaviour,9-5-2,out,employeebehaviour,3
Y,00:00:00:000,employeebehaviour,9-6-0,out,employeebehaviour,1
Y,00:00:00:000,employeebehaviour,9-6-1,out,employeebehaviour,1
Y,00:00:00:000,employeebehaviour,9-6-2,out,employeebehaviour,3
Y,00:00:00:000,employeebehaviour,9-7-0,out,employeebehaviour,1
Y,00:00:00:000,employeebehaviour,9-7-1,out,employeebehaviour,2
Y,00:00:00:000,employeebehaviour,9-7-2,out,employeebehaviour,2
Y,00:00:00:000,employeebehaviour,9-8-0,out,employeebehaviour,1
Y,00:00:00:000,employeebehaviour,9-8-1,out,employeebehaviour,3
Y,00:00:00:000,employeebehaviour,9-8-2,out,employeebehaviour,2
Y,00:00:00:000,employeebehaviour,9-9-0,out,employeebehaviour,1
Y,00:00:00:000,employeebehaviour,9-9-1,out,employeebehaviour,3
Y,00:00:00:000,employeebehaviour,9-9-2,out,employeebehaviour,2
Y,00:00:00:000,employeebehaviour,9-10-0,out,employeebehaviour,1
Y,00:00:00:000,employeebehaviour,9-10-1,out,employeebehaviour,3
Y,00:00:00:000,employeebehaviour,9-10-2,out,employeebehaviour,2
Y,00:00:00:000,employeebehaviour,9-11-0,out,employeebehaviour,0
Y,00:00:00:000,employeebehaviour,9-11-1,out,employeebehaviour,3
Y,00:00:00:000,employeebehaviour,9-11-2,out,employeebehaviour,2
Y,00:00:00:000,employeebehaviour,9-12-0,out,employeebehaviour,0
Y,00:00:00:000,employeebehaviour,9-12-1,out,employeebehaviour,3
Y,00:00:00:000,employeebehaviour,9-12-2,out,employeebehaviour,1
Y,00:00:00:000,employeebehaviour,9-13-0,out,employeebehaviour,0
Y,00:00:00:000,employeebehaviour,9-13-1,out,employeebehaviour,3
Y,00:00:00:000,employeebehaviour,9-13-2,out,employeebehaviour,1
Y,00:00:00:000,employeebehaviour,9-14-0,out,employeebehaviour,0
Y,00:00:00:000,employeebehaviour,9-14-1,out,employeebehaviour,3
Y,00:00:00:000,employeebehaviour,9-14-2,out,employeebehaviour,1
Y,00:00:00:000,employeebehaviour,10-0-0,out,employeebehaviour,1
Y,00:00:00:000,employeebehaviour,10-0-1,out,employeebehaviour,3
Y,00:00:00:000,employeebehaviour,10-0-2,out,employeebehaviour,3
Y,00:00:00:000,employeebehaviour,10-1-0,out,employeebehaviour,1
Y,00:00:00:000,employeebehaviour,10-1-1,out,employeebehaviour,2
Y,00:00:00:000,employeebehaviour,10-1-2,out,employeebehaviour,3
Y,00:00:00:000,employeebehaviour,10-2-0,out,employeebehaviour,1
Y,00:00:00:000,employeebehaviour,10-2-1,out,employeebehaviour,2
Y,00:00:00:000,employeebehaviour,10-2-2,out,employeebehaviour,3
Y,00:00:00:000,employeebehaviour,10-3-0,out,employeebehaviour,1
Y,00:00:00:000,employeebehaviour,10-3-1,out,employeebehaviour,2
Y,00:00:00:000,employeebehaviour,10-3-2,out,employeebehaviour,3
Y,00:00:00:000,employeebehaviour,10-4-0,out,employeebehaviour,1
Y,00:00:00:000,employeebehaviour,10-4-1,out,employeebehaviour,2
Y,00:00:00:000,employeebehaviour,10-4-2,out,employeebehaviour,3
Y,00:00:00:000,employeebehaviour,10-5-0,out,employeebehaviour,1
Y,00:00:00:000,employeebehaviour,10-5-1,out,employeebehaviour,1
Y,00:00:00:000,employeebehaviour,10-5-2,out,employeebehaviour,2
Y,00:00:00:000,employeebehaviour,10-6-0,out,employeebehaviour,-1
Y,00:00:00:000,employeebehaviour,10-6-1,out,employeebehaviour,1
Y,00:00:00:000,employeebehaviour,10-6-2,out,employeebehaviour,2
Y,00:00:00:000,employeebehaviour,10-7-0,out,employeebehaviour,-1
Y,00:00:00:000,employeebehaviour,10-7-1,out,employeebehaviour,1
Y,00:00:00:000,employeebehaviour,10-7-2,out,employeebehaviour,2
Y,00:00:00:000,employeebehaviour,10-8-0,out,employeebehaviour,-1
Y,00:00:00:000,employeebehaviour,10-8-1,out,employeebehaviour,1
Y,00:00:00:000,employeebehaviour,10-8-2,out,employeebehaviour,2
Y,00:00:00:000,employeebehaviour,10-9-0,out,employeebehaviour,-1
Y,00:00:00:000,employeebehaviour,10-9-1,out,employeebehaviour,1
Y,00:00:00:000,employeebehaviour,10-9-2,out,employeebehaviour,1
Y,00:00:00:000,employeebehaviour,10-10-0,out,employeebehaviour,-1
Y,00:00:00:000,employeebehaviour,10-10-1,out,employeebehaviour,2
Y,00:00:00:000,employeebehaviour,10-10-2,out,employeebehaviour,1
Y,00:00:00:000,employeebehaviour,10-11-0,out,employeebehaviour,1
Y,00:00:00:000,employeebehaviour,10-11-1,out,employeebehaviour,2
Y,00:00:00:000,employeebehaviour,10-11-2,out,employeebehaviour,1
Y,00:00:00:000,employeebehaviour,10-12-0,out,employeebehaviour,-1
Y,00:00:00:000,employeebehaviour,10-12-1,out,employeebehaviour,3
Y,00:00:00:000,employeebehaviour,10-12-2,out,employeebehaviour,2
Y,00:00:00:000,employeebehaviour,10-13-0,out,employeebehaviour,0
Y,00:00:00:000,employeebehaviour,10-13-1,out,employeebehaviour,3
Y,00:00:00:000,employeebehaviour,10-13-2,out,employeebehaviour,2
Y,00:00:00:000,employeebehaviour,10-14-0,out,employeebehaviour,1
Y,00:00:00:000,employeebehaviour,10-14-1,out,employeebehaviour,3
Y,00:00:00:000,employeebehaviour,10-14-2,out,employeebehaviour,2
Y,00:00:00:000,employeebehaviour,11-0-0,out,employeebehaviour,1
Y,00:00:00:000,employeebehaviour,11-0-1,out,employeebehaviour,3
Y,00:00:00:000,employeebehaviour,11-0-2,out,employeebehaviour,2
Y,00:00:00:000,employeebehaviour,11-1-0,out,employeebehaviour,0
Y,00:00:00:000,employeebehaviour,11-1-1,out,employeebehaviour,3
Y,00:00:00:000,employeebehaviour,11-1-2,out,employeebehaviour,2
Y,00:00:00:000,employeebehaviour,11-2-0,out,employeebehaviour,0
Y,00:00:00:000,employeebehaviour,11-2-1,out,employeebehaviour,3
Y,00:00:00:000,employeebehaviour,11-2-2,out,employeebehaviour,2
Y,00:00:00:000,employeebehaviour,11-3-0,out,employeebehaviour,0
Y,00:00:00:000,employeebehaviour,11-3-1,out,employeebehaviour,1
Y,00:00:00:000,employeebehaviour,11-3-2,out,employeebehaviour,3
Y,00:00:00:000,employeebehaviour,11-4-0,out,employeebehaviour,0
Y,00:00:00:000,employeebehaviour,11-4-1,out,employeebehaviour,1
Y,00:00:00:000,employeebehaviour,11-4-2,out,employeebehaviour,3
Y,00:00:00:000,employeebehaviour,11-5-0,out,employeebehaviour,0
Y,00:00:00:000,employeebehaviour,11-5-1,out,employeebehaviour,1
Y,00:00:00:000,employeebehaviour,11-5-2,out,employeebehaviour,3
Y,00:00:00:000,employeebehaviour,11-6-0,out,employeebehaviour,0
Y,00:00:00:000,employeebehaviour,11-6-1,out,employeebehaviour,1
Y,00:00:00:000,employeebehaviour,11-6-2,out,employeebehaviour,3
Y,00:00:00:000,employeebehaviour,11-7-0,out,employeebehaviour,-1
Y,00:00:00:000,employeebehaviour,11-7-1,out,employeebehaviour,1
Y,00:00:00:000,employeebehaviour,11-7-2,out,employeebehaviour,3
Y,00:00:00:000,employeebehaviour,11-8-0,out,employeebehaviour,-1
Y,00:00:00:000,employeebehaviour,11-8-1,out,employeebehaviour,1
Y,00:00:00:000,employeebehaviour,11-8-2,out,employeebehaviour,3
Y,00:00:00:000,employeebehaviour,11-9-0,out,employeebehaviour,-1
Y,00:00:00:000,employeebehaviour,11-9-1,out,employeebehaviour,1
Y,00:00:00:000,employeebehaviour,11-9-2,out,employeebehaviour,1
Y,00:00:00:000,employeebehaviour,11-10-0,out,employeebehaviour,1
Y,00:00:00:000,employeebehaviour,11-10-1,out,employeebehaviour,2
Y,00:00:00:000,employeebehaviour,11-10-2,out,employeebehaviour,1
Y,00:00:00:000,employeebehaviour,11-11-0,out,employeebehaviour,1
Y,00:00:00:000,employeebehaviour,11-11-1,out,employeebehaviour,2
Y,00:00:00:000,employeebehaviour,11-11-2,out,employeebehaviour,1
Y,00:00:00:000,employeebehaviour,11-12-0,out,employeebehaviour,1
Y,00:00:00:000,employeebehaviour,11-12-1,out,employeebehaviour,2
Y,00:00:00:000,employeebehaviour,11-12-2,out,employeebehaviour,1
Y,00:00:00:000,employeebehaviour,11-13-0,out,employeebehaviour,1
Y,00:00:00:000,employeebehaviour,11-13-1,out,employeebehaviour,2
Y,00:00:00:000,employeebehaviour,11-13-2,out,employeebehaviour,1
Y,00:00:00:000,employeebehaviour,11-14-0,out,employeebehaviour,1
Y,00:00:00:000,employeebehaviour,11-14-1,out,employeebehaviour,3
Y,00:00:00:000,employeebehaviour,11-14-2,out,employeebehaviour,1
Y,00:00:00:000,employeebehaviour,12-0-0,out,employeebehaviour,0
Y,00:00:00:000,employeebehaviour,12-0-1,out,employeebehaviour,3
Y,00:00:00:000,employeebehaviour,12-0-2,out,employeebehaviour,1
Y,00:00:00:000,employeebehaviour,12-1-0,out,employeebehaviour,0
Y,00:00:00:000,employeebehaviour,12-1-1,out,employeebehaviour,3
Y,00:00:00:000,employeebehaviour,12-1-2,out,employeebehaviour,2
Y,00:00:00:000,employeebehaviour,12-2-0,out,employeebehaviour,0
Y,00:00:00:000,employeebehaviour,12-2-1,out,employeebehaviour,3
Y,00:00:00:000,employeebehaviour,12-2-2,out,employeebehaviour,3
Y,00:00:00:000,employeebehaviour,12-3-0,out,employeebehaviour,0
Y,00:00:00:000,employeebehaviour,12-3-1,out,employeebehaviour,1
Y,00:00:00:000,employeebehaviour,12-3-2,out,employeebehaviour,1
Y,00:00:00:000,employeebehaviour,12-4-0,out,employeebehaviour,0
Y,00:00:00:000,employeebehaviour,12-4-1,out,employeebehaviour,1
Y,00:00:00:000,employeebehaviour,12-4-2,out,employeebehaviour,1
Y,00:00:00:000,employeebehaviour,12-5-0,out,employeebehaviour,0
Y,00:00:00:000,employeebehaviour,12-5-1,out,employeebehaviour,1
Y,00:00:00:000,employeebehaviour,12-5-2,out,employeebehaviour,1
Y,00:00:00:000,employeebehaviour,12-6-0,out,employeebehaviour,0
Y,00:00:00:000,employeebehaviour,12-6-1,out,employeebehaviour,1
Y,00:00:00:000,employeebehaviour,12-6-2,out,employeebehaviour,1
Y,00:00:00:000,employeebehaviour,12-7-0,out,employeebehaviour,0
Y,00:00:00:000,employeebehaviour,12-7-1,out,employeebehaviour,2
Y,00:00:00:000,employeebehaviour,12-7-2,out,employeebehaviour,2
Y,00:00:00:000,employeebehaviour,12-8-0,out,employeebehaviour,-1
Y,00:00:00:000,employeebehaviour,12-8-1,out,employeebehaviour,3
Y,00:00:00:000,employeebehaviour,12-8-2,out,employeebehaviour,2
Y,00:00:00:000,employeebehaviour,12-9-0,out,employeebehaviour,-1
Y,00:00:00:000,employeebehaviour,12-9-1,out,employeebehaviour,1
Y,00:00:00:000,employeebehaviour,12-9-2,out,employeebehaviour,2
Y,00:00:00:000,employeebehaviour,12-10-0,out,employeebehaviour,-1
Y,00:00:00:000,employeebehaviour,12-10-1,out,employeebehaviour,2
Y,00:00:00:000,employeebehaviour,12-10-2,out,employeebehaviour,2
Y,00:00:00:000,employeebehaviour,12-11-0,out,employeebehaviour,-1
Y,00:00:00:000,employeebehaviour,12-11-1,out,employeebehaviour,2
Y,00:00:00:000,employeebehaviour,12-11-2,out,employeebehaviour,2
Y,00:00:00:000,employeebehaviour,12-12-0,out,employeebehaviour,-1
Y,00:00:00:000,employeebehaviour,12-12-1,out,employeebehaviour,2
Y,00:00:00:000,employeebehaviour,12-12-2,out,employeebehaviour,2
Y,00:00:00:000,employeebehaviour,12-13-0,out,employeebehaviour,-1
Y,00:00:00:000,employeebehaviour,12-13-1,out,employeebehaviour,2
Y,00:00:00:000,employeebehaviour,12-13-2,out,employeebehaviour,3
Y,00:00:00:000,employeebehaviour,12-14-0,out,employeebehaviour,1
Y,00:00:00:000,employeebehaviour,12-14-1,out,employeebehaviour,2
Y,00:00:00:000,employeebehaviour,12-14-2,out,employeebehaviour,3
Y,00:00:00:000,employeebehaviour,13-0-0,out,employeebehaviour,1
Y,00:00:00:000,employeebehaviour,13-0-1,out,employeebehaviour,2
Y,00:00:00:000,employeebehaviour,13-0-2,out,employeebehaviour,2
Y,00:00:00:000,employeebehaviour,13-1-0,out,employeebehaviour,1
Y,00:00:00:000,employeebehaviour,13-1-1,out,employeebehaviour,2
Y,00:00:00:000,employeebehaviour,13-1-2,out,employeebehaviour,2
Y,00:00:00:000,employeebehaviour,13-2-0,out,employeebehaviour,1
Y,00:00:00:000,employeebehaviour,13-2-1,out,employeebehaviour,3
Y,00:00:00:000,employeebehaviour,13-2-2,out,employeebehaviour,2
Y,00:00:00:000,employeebehaviour,13-3-0,out,employeebehaviour,1
Y,00:00:00:000,employeebehaviour,13-3-1,out,employeebehaviour,3
Y,00:00:00:000,employeebehaviour,13-3-2,out,employeebehaviour,1
Y,00:00:00:000,employeebehaviour,13-4-0,out,employeebehaviour,1
Y,00:00:00:000,employeebehaviour,13-4-1,out,employeebehaviour,3
Y,00:00:00:000,employeebehaviour,13-4-2,out,employeebehaviour,1
Y,00:00:00:000,employeebehaviour,13-5-0,out,employeebehaviour,-1
Y,00:00:00:000,employeebehaviour,13-5-1,out,employeebehaviour,3
Y,00:00:00:000,employeebehaviour,13-5-2,out,employeebehaviour,1
Y,00:00:00:000,employeebehaviour,13-6-0,out,employeebehaviour,0
Y,00:00:00:000,employeebehaviour,13-6-1,out,employeebehaviour,3
Y,00:00:00:000,employeebehaviour,13-6-2,out,employeebehaviour,1
Y,00:00:00:000,employeebehaviour,13-7-0,out,employeebehaviour,0
Y,00:00:00:000,employeebehaviour,13-7-1,out,employeebehaviour,3
Y,00:00:00:000,employeebehaviour,13-7-2,out,employeebehaviour,1
Y,00:00:00:000,employeebehaviour,13-8-0,out,employeebehaviour,0
Y,00:00:00:000,employeebehaviour,13-8-1,out,employeebehaviour,3
Y,00:00:00:000,employeebehaviour,13-8-2,out,employeebehaviour,3
Y,00:00:00:000,employeebehaviour,13-9-0,out,employeebehaviour,-1
Y,00:00:00:000,employeebehaviour,13-9-1,out,employeebehaviour,1
Y,00:00:00:000,employeebehaviour,13-9-2,out,employeebehaviour,3
Y,00:00:00:000,employeebehaviour,13-10-0,out,employeebehaviour,-1
Y,00:00:00:000,employeebehaviour,13-10-1,out,employeebehaviour,2
Y,00:00:00:000,employeebehaviour,13-10-2,out,employeebehaviour,3
Y,00:00:00:000,employeebehaviour,13-11-0,out,employeebehaviour,-1
Y,00:00:00:000,employeebehaviour,13-11-1,out,employeebehaviour,2
Y,00:00:00:000,employeebehaviour,13-11-2,out,employeebehaviour,3
Y,00:00:00:000,employeebehaviour,13-12-0,out,employeebehaviour,-1
Y,00:00:00:000,employeebehaviour,13-12-1,out,employeebehaviour,2
Y,00:00:00:000,employeebehaviour,13-12-2,out,employeebehaviour,3
Y,00:00:00:000,employeebehaviour,13-13-0,out,employeebehaviour,-1
Y,00:00:00:000,employeebehaviour,13-13-1,out,employeebehaviour,2
Y,00:00:00:000,employeebehaviour,13-13-2,out,employeebehaviour,3
Y,00:00:00:000,employeebehaviour,13-14-0,out,employeebehaviour,-1
Y,00:00:00:000,employeebehaviour,13-14-1,out,employeebehaviour,3
Y,00:00:00:000,employeebehaviour,13-14-2,out,employeebehaviour,3
Y,00:00:00:000,employeebehaviour,14-0-0,out,employeebehaviour,0
Y,00:00:00:000,employeebehaviour,14-0-1,out,employeebehaviour,3
Y,00:00:00:000,employeebehaviour,14-0-2,out,employeebehaviour,1
Y,00:00:00:000,employeebehaviour,14-1-0,out,employeebehaviour,0
Y,00:00:00:000,employeebehaviour,14-1-1,out,employeebehaviour,1
Y,00:00:00:000,employeebehaviour,14-1-2,out,employeebehaviour,1
Y,00:00:00:000,employeebehaviour,14-2-0,out,employeebehaviour,0
Y,00:00:00:000,employeebehaviour,14-2-1,out,employeebehaviour,3
Y,00:00:00:000,employeebehaviour,14-2-2,out,employeebehaviour,1
Y,00:00:00:000,employeebehaviour,14-3-0,out,employeebehaviour,1
Y,00:00:00:000,employeebehaviour,14-3-1,out,employeebehaviour,1
Y,00:00:00:000,employeebehaviour,14-3-2,out,employeebehaviour,1
Y,00:00:00:000,employeebehaviour,14-4-0,out,employeebehaviour,1
Y,00:00:00:000,employeebehaviour,14-4-1,out,employeebehaviour,2
Y,00:00:00:000,employeebehaviour,14-4-2,out,employeebehaviour,2
Y,00:00:00:000,employeebehaviour,14-5-0,out,employeebehaviour,1
Y,00:00:00:000,employeebehaviour,14-5-1,out,employeebehaviour,3
Y,00:00:00:000,employeebehaviour,14-5-2,out,employeebehaviour,2
Y,00:00:00:000,employeebehaviour,14-6-0,out,employeebehaviour,1
Y,00:00:00:000,employeebehaviour,14-6-1,out,employeebehaviour,3
Y,00:00:00:000,employeebehaviour,14-6-2,out,employeebehaviour,2
Y,00:00:00:000,employeebehaviour,14-7-0,out,employeebehaviour,1
Y,00:00:00:000,employeebehaviour,14-7-1,out,employeebehaviour,2
Y,00:00:00:000,employeebehaviour,14-7-2,out,employeebehaviour,2
Y,00:00:00:000,employeebehaviour,14-8-0,out,employeebehaviour,1
Y,00:00:00:000,employeebehaviour,14-8-1,out,employeebehaviour,2
Y,00:00:00:000,employeebehaviour,14-8-2,out,employeebehaviour,3
Y,00:00:00:000,employeebehaviour,14-9-0,out,employeebehaviour,0
Y,00:00:00:000,employeebehaviour,14-9-1,out,employeebehaviour,1
Y,00:00:00:000,employeebehaviour,14-9-2,out,employeebehaviour,3
Y,00:00:00:000,employeebehaviour,14-10-0,out,employeebehaviour,0
Y,00:00:00:000,employeebehaviour,14-10-1,out,employeebehaviour,1
Y,00:00:00:000,employeebehaviour,14-10-2,out,employeebehaviour,3
Y,00:00:00:000,employeebehaviour,14-11-0,out,employeebehaviour,0
Y,00:00:00:000,employeebehaviour,14-11-1,out,employeebehaviour,3
Y,00:00:00:000,employeebehaviour,14-11-2,out,employeebehaviour,3
Y,00:00:00:000,employeebehaviour,14-12-0,out,employeebehaviour,0
Y,00:00:00:000,employeebehaviour,14-12-1,out,employeebehaviour,1
Y,00:00:00:000,employeebehaviour,14-12-2,out,employeebehaviour,1
Y,00:00:00:000,employeebehaviour,14-13-0,out,employeebehaviour,-1
Y,00:00:00:000,employeebehaviour,14-13-1,out,employeebehaviour,2
Y,00:00:00:000,employeebehaviour,14-13-2,out,employeebehaviour,2
Y,00:00:00:000,employeebehaviour,14-14-0,out,employeebehaviour,-1
Y,00:00:00:000,employeebehaviour,14-14-1,out,employeebehaviour,3
Y,00:00:00:000,employeebehaviour,14-14-2,out,employeebehaviour,3
Y,00:00:00:100,employeebehaviour,0-3-0,out,employeebehaviour,1
Y,00:00:00:100,employeebehaviour,0-4-0,out,employeebehaviour,1
Y,00:00:00:100,employeebehaviour,0-5-0,out,employeebehaviour,0
Y,00:00:00:100,employeebehaviour,0-9-0,out,employeebehaviour,0
Y,00:00:00:100,employeebehaviour,0-13-0,out,employeebehaviour,-1
Y,00:00:00:100,employeebehaviour,1-3-0,out,employeebehaviour,0
Y,00:00:00:100,employeebehaviour,1-6-0,out,employeebehaviour,0
Y,00:00:00:100,employeebehaviour,1-7-0,out,employeebehaviour,0
Y,00:00:00:100,employeebehaviour,1-14-0,out,employeebehaviour,1
Y,00:00:00:100,employeebehaviour,2-0-0,out,employeebehaviour,1
Y,00:00:00:100,employeebehaviour,2-1-0,out,employeebehaviour,1
Y,00:00:00:100,employeebehaviour,3-4-0,out,employeebehaviour,0
Y,00:00:00:100,employeebehaviour,3-12-0,out,employeebehaviour,1
Y,00:00:00:100,employeebehaviour,3-14-0,out,employeebehaviour,1
Y,00:00:00:100,employeebehaviour,4-1-0,out,employeebehaviour,0
Y,00:00:00:100,employeebehaviour,4-2-0,out,employeebehaviour,0
Y,00:00:00:100,employeebehaviour,4-3-0,out,employeebehaviour,0
Y,00:00:00:100,employeebehaviour,4-4-0,out,employeebehaviour,0
Y,00:00:00:100,employeebehaviour,4-9-0,out,employeebehaviour,1
Y,00:00:00:100,employeebehaviour,4-10-0,out,employeebehaviour,1
Y,00:00:00:100,employeebehaviour,4-11-0,out,employeebehaviour,1
Y,00:00:00:100,employeebehaviour,5-6-0,out,employeebehaviour,-1
Y,00:00:00:100,employeebehaviour,5-7-0,out,employeebehaviour,-1
Y,00:00:00:100,employeebehaviour,6-1-0,out,employeebehaviour,0
Y,00:00:00:100,employeebehaviour,6-9-0,out,employeebehaviour,1
Y,00:00:00:100,employeebehaviour,6-11-0,out,employeebehaviour,-1
Y,00:00:00:100,employeebehaviour,7-1-0,out,employeebehaviour,0
Y,00:00:00:100,employeebehaviour,7-5-0,out,employeebehaviour,0
Y,00:00:00:100,employeebehaviour,7-6-0,out,employeebehaviour,-1
Y,00:00:00:100,employeebehaviour,7-10-0,out,employeebehaviour,1
Y,00:00:00:100,employeebehaviour,8-3-0,out,employeebehaviour,1
Y,00:00:00:100,employeebehaviour,8-4-0,out,employeebehaviour,1
Y,00:00:00:100,employeebehaviour,8-5-0,out,employeebehaviour,1
Y,00:00:00:100,employeebehaviour,8-8-0,out,employeebehaviour,1
Y,00:00:00:100,employeebehaviour,8-9-0,out,employeebehaviour,1
Y,00:00:00:100,employeebehaviour,8-10-0,out,employeebehaviour,1
Y,00:00:00:100,employeebehaviour,8-11-0,out,employeebehaviour,0
Y,00:00:00:100,employeebehaviour,8-12-0,out,employeebehaviour,0
Y,00:00:00:100,employeebehaviour,9-0-0,out,employeebehaviour,0
Y,00:00:00:100,employeebehaviour,9-1-0,out,employeebehaviour,1
Y,00:00:00:100,employeebehaviour,9-2-0,out,employeebehaviour,1
Y,00:00:00:100,employeebehaviour,10-9-0,out,employeebehaviour,1
Y,00:00:00:100,employeebehaviour,10-10-0,out,employeebehaviour,1
Y,00:00:00:100,employeebehaviour,10-12-0,out,employeebehaviour,1
Y,00:00:00:100,employeebehaviour,11-1-0,out,employeebehaviour,1
Y,00:00:00:100,employeebehaviour,11-4-0,out,employeebehaviour,1
Y,00:00:00:100,employeebehaviour,11-10-0,out,employeebehaviour,-1
Y,00:00:00:100,employeebehaviour,11-11-0,out,employeebehaviour,-1
Y,00:00:00:100,employeebehaviour,12-0-0,out,employeebehaviour,1
Y,00:00:00:100,employeebehaviour,12-4-0,out,employeebehaviour,1
Y,00:00:00:100,employeebehaviour,13-5-0,out,employeebehaviour,1
Y,00:00:00:100,employeebehaviour,14-0-0,out,employeebehaviour,1
Y,00:00:00:100,employeebehaviour,14-1-0,out,employeebehaviour,1
Y,00:00:00:100,employeebehaviour,14-2-0,out,employeebehaviour,1
Y,00:00:00:100,employeebehaviour,14-6-0,out,employeebehaviour,0
Y,00:00:00:100,employeebehaviour,14-7-0,out,employeebehaviour,0
Y,00:00:00:100,employeebehaviour,14-8-0,out,employeebehaviour,0
Y,00:00:00:100,employeebehaviour,14-10-0,out,employeebehaviour,-1
Y,00:00:00:100,employeebehaviour,14-11-0,out,employeebehaviour,-1
Y,00:00:00:100,employeebehaviour,14-12-0,out,employeebehaviour,-1
Y,00:00:00:200,employeebehaviour,14-5-0,out,employeebehaviour,0
Y,00:00:00:200,employeebehaviour,13-14-0,out,employeebehaviour,1
Y,00:00:00:200,employeebehaviour,12-8-0,out,employeebehaviour,0
Y,00:00:00:200,employeebehaviour,12-5-0,out,employeebehaviour,1
Y,00:00:00:200,employeebehaviour,12-3-0,out,employeebehaviour,1
Y,00:00:00:200,employeebehaviour,12-2-0,out,employeebehaviour,1
Y,00:00:00:200,employeebehaviour,12-1-0,out,employeebehaviour,1
Y,00:00:00:200,employeebehaviour,11-5-0,out,employeebehaviour,1
Y,00:00:00:200,employeebehaviour,11-3-0,out,employeebehaviour,1
Y,00:00:00:200,employeebehaviour,11-2-0,out,employeebehaviour,1
Y,00:00:00:200,employeebehaviour,10-13-0,out,employeebehaviour,1
Y,00:00:00:200,employeebehaviour,10-8-0,out,employeebehaviour,1
Y,00:00:00:200,employeebehaviour,10-7-0,out,employeebehaviour,1
Y,00:00:00:200,employeebehaviour,10-6-0,out,employeebehaviour,1
Y,00:00:00:200,employeebehaviour,9-11-0,out,employeebehaviour,1
Y,00:00:00:200,employeebehaviour,9-0-0,out,employeebehaviour,1
Y,00:00:00:200,employeebehaviour,8-14-0,out,employeebehaviour,0
Y,00:00:00:200,employeebehaviour,8-11-0,out,employeebehaviour,1
Y,00:00:00:200,employeebehaviour,8-7-0,out,employeebehaviour,1
Y,00:00:00:200,employeebehaviour,8-6-0,out,employeebehaviour,1
Y,00:00:00:200,employeebehaviour,8-2-0,out,employeebehaviour,1
Y,00:00:00:200,employeebehaviour,6-8-0,out,employeebehaviour,1
Y,00:00:00:200,employeebehaviour,5-11-0,out,employeebehaviour,1
Y,00:00:00:200,employeebehaviour,4-5-0,out,employeebehaviour,0
Y,00:00:00:200,employeebehaviour,4-0-0,out,employeebehaviour,0
Y,00:00:00:200,employeebehaviour,3-5-0,out,employeebehaviour,0
Y,00:00:00:200,employeebehaviour,2-9-0,out,employeebehaviour,0
Y,00:00:00:300,employeebehaviour,0-4-0,out,employeebehaviour,0
Y,00:00:00:300,employeebehaviour,12-13-0,out,employeebehaviour,1
Y,00:00:00:300,employeebehaviour,14-14-0,out,employeebehaviour,1
Y,00:00:00:300,employeebehaviour,11-6-0,out,employeebehaviour,1
Y,00:00:00:300,employeebehaviour,11-7-0,out,employeebehaviour,1
Y,00:00:00:300,employeebehaviour,11-8-0,out,employeebehaviour,0
Y,00:00:00:300,employeebehaviour,8-12-0,out,employeebehaviour,1
Y,00:00:00:300,employeebehaviour,9-12-0,out,employeebehaviour,1
Y,00:00:00:300,employeebehaviour,9-13-0,out,employeebehaviour,1
Y,00:00:00:300,employeebehaviour,9-14-0,out,employeebehaviour,1
Y,00:00:00:300,employeebehaviour,11-11-0,out,employeebehaviour,1
Y,00:00:00:300,employeebehaviour,7-11-0,out,employeebehaviour,1
Y,00:00:00:300,employeebehaviour,8-1-0,out,employeebehaviour,1
Y,00:00:00:300,employeebehaviour,6-11-0,out,employeebehaviour,1
Y,00:00:00:300,employeebehaviour,6-7-0,out,employeebehaviour,1
Y,00:00:00:300,employeebehaviour,7-5-0,out,employeebehaviour,1
Y,00:00:00:300,employeebehaviour,7-6-0,out,employeebehaviour,1
Y,00:00:00:300,employeebehaviour,3-6-0,out,employeebehaviour,0
Y,00:00:00:400,employeebehaviour,12-12-0,out,employeebehaviour,1
Y,00:00:00:400,employeebehaviour,13-13-0,out,employeebehaviour,1
Y,00:00:00:400,employeebehaviour,11-10-0,out,employeebehaviour,1
Y,00:00:00:400,employeebehaviour,11-9-0,out,employeebehaviour,1
Y,00:00:00:400,employeebehaviour,8-14-0,out,employeebehaviour,1
Y,00:00:00:400,employeebehaviour,8-13-0,out,employeebehaviour,1
Y,00:00:00:400,employeebehaviour,8-0-0,out,employeebehaviour,1
Y,00:00:00:400,employeebehaviour,7-12-0,out,employeebehaviour,1
Y,00:00:00:400,employeebehaviour,6-12-0,out,employeebehaviour,1
Y,00:00:00:400,employeebehaviour,6-6-0,out,employeebehaviour,1
Y,00:00:00:400,employeebehaviour,5-12-0,out,employeebehaviour,1
Y,00:00:00:400,employeebehaviour,4-8-0,out,employeebehaviour,1
Y,00:00:00:400,employeebehaviour,4-6-0,out,employeebehaviour,0
Y,00:00:00:400,employeebehaviour,3-7-0,out,employeebehaviour,0
Y,00:00:00:400,employeebehaviour,1-13-0,out,employeebehaviour,1
Y,00:00:00:500,employeebehaviour,12-11-0,out,employeebehaviour,1
Y,00:00:00:500,employeebehaviour,14-13-0,out,employeebehaviour,1
Y,00:00:00:500,employeebehaviour,12-9-0,out,employeebehaviour,0
Y,00:00:00:500,employeebehaviour,7-13-0,out,employeebehaviour,1
Y,00:00:00:500,employeebehaviour,5-13-0,out,employeebehaviour,1
Y,00:00:00:500,employeebehaviour,5-7-0,out,employeebehaviour,1
Y,00:00:00:500,employeebehaviour,5-6-0,out,employeebehaviour,0
Y,00:00:00:500,employeebehaviour,4-7-0,out,employeebehaviour,0
Y,00:00:00:500,employeebehaviour,3-8-0,out,employeebehaviour,0
Y,00:00:00:500,employeebehaviour,0-13-0,out,employeebehaviour,1
Y,00:00:00:500,employeebehaviour,13-9-0,out,employeebehaviour,0
Y,00:00:00:600,employeebehaviour,12-10-0,out,employeebehaviour,1
Y,00:00:00:600,employeebehaviour,13-12-0,out,employeebehaviour,1
Y,00:00:00:600,employeebehaviour,7-14-0,out,employeebehaviour,1
Y,00:00:00:600,employeebehaviour,7-0-0,out,employeebehaviour,1
Y,00:00:00:600,employeebehaviour,6-13-0,out,employeebehaviour,1
Y,00:00:00:600,employeebehaviour,5-14-0,out,employeebehaviour,1
Y,00:00:00:600,employeebehaviour,1-12-0,out,employeebehaviour,1
Y,00:00:00:700,employeebehaviour,13-11-0,out,employeebehaviour,1
Y,00:00:00:700,employeebehaviour,14-12-0,out,employeebehaviour,1
Y,00:00:00:700,employeebehaviour,6-14-0,out,employeebehaviour,1
Y,00:00:00:700,employeebehaviour,6-0-0,out,employeebehaviour,1
Y,00:00:00:700,employeebehaviour,0-12-0,out,employeebehaviour,1
Y,00:00:00:800,employeebehaviour,13-10-0,out,employeebehaviour,1
Y,00:00:00:800,employeebehaviour,14-11-0,out,employeebehaviour,1
Y,00:00:00:800,employeebehaviour,1-11-0,out,employeebehaviour,1
Y,00:00:00:900,employeebehaviour,0-10-0,out,employeebehaviour,0
Y,00:00:00:900,employeebehaviour,0-11-0,out,employeebehaviour,1
Y,00:00:00:900,employeebehaviour,11-8-0,out,employeebehaviour,1
Y,00:00:00:900,employeebehaviour,14-10-0,out,employeebehaviour,1
Y,00:00:00:900,employeebehaviour,1-10-0,out,employeebehaviour,1
Y,00:00:01:000,employeebehaviour,0-10-0,out,employeebehaviour,1
Y,00:00:01:000,employeebehaviour,12-9-0,out,employeebehaviour,1
